id,rollno,year_of_joining,year_of_graduation,learner_code,institution_code,branch_code
1,"18['S', 'y', 'u']67",2018,2022,840,20,33
2,"22['h', 'Z', 'i']501",2016,2020,209,11,7
3,"66['a', 'r', 'v']40",2016,2020,349,24,4
4,"62['q', 'Q', 's']502",2015,2019,595,18,4
5,"75['B', 'P', 'i']714",2015,2019,139,25,29
6,"45['S', 'V', 'n']278",2022,2026,474,9,25
7,"11['Y', 'k', 'k']753",2017,2021,793,17,40
8,"45['U', 'p', 'U']383",2018,2022,15,39,36
9,"93['K', 'y', 't']119",2021,2025,992,49,5
10,"77['O', 'N', 'O']680",2021,2025,784,9,10
11,"31['I', 'O', 'M']765",2018,2022,897,34,19
12,"28['I', 'T', 'g']907",2020,2024,618,28,4
13,"58['p', 'm', 'l']49",2022,2026,477,43,13
14,"83['N', 'l', 'Y']298",2018,2022,225,21,35
15,"3['p', 't', 'C']195",2018,2022,725,33,32
16,"77['A', 'V', 'P']357",2019,2023,246,30,33
17,"43['s', 'F', 'N']703",2022,2026,74,13,31
18,"60['Q', 'O', 'O']32",2020,2024,822,49,40
19,"85['j', 'R', 'P']736",2022,2026,270,50,7
20,"32['Z', 'L', 'c']778",2021,2025,830,29,30
21,"83['M', 'w', 'q']170",2019,2023,660,43,2
22,"53['N', 'V', 's']545",2016,2020,41,31,14
23,"0['v', 'c', 'U']403",2015,2019,485,32,7
24,"19['I', 'n', 'z']968",2018,2022,292,26,6
25,"31['l', 'h', 'L']387",2016,2020,855,37,33
26,"57['L', 'G', 'k']875",2022,2026,958,19,6
27,"54['b', 'S', 'C']708",2021,2025,311,1,1
28,"13['T', 'a', 'G']171",2019,2023,374,1,15
29,"58['l', 'S', 'y']318",2020,2024,479,35,23
30,"44['W', 'N', 'O']578",2016,2020,405,34,10
31,"63['A', 'K', 'n']957",2015,2019,422,22,1
32,"28['L', 'K', 'a']373",2021,2025,830,26,35
33,"52['k', 'n', 'r']470",2019,2023,524,29,32
34,"48['I', 'J', 'q']846",2021,2025,670,1,22
35,"17['H', 'g', 'K']124",2022,2026,115,11,5
36,"21['K', 'W', 'o']257",2017,2021,495,11,31
37,"16['Y', 'N', 'H']523",2015,2019,533,19,10
38,"57['m', 'E', 'v']33",2020,2024,222,23,2
39,"20['e', 'D', 'I']953",2016,2020,478,35,15
40,"19['D', 'B', 'j']118",2015,2019,35,14,9
41,"45['h', 'i', 'E']617",2017,2021,969,39,3
42,"76['u', 'u', 'Q']676",2015,2019,699,14,12
43,"48['T', 'q', 'X']48",2019,2023,995,36,21
44,"14['g', 'X', 'd']666",2020,2024,704,9,40
45,"69['p', 'm', 'A']845",2019,2023,680,49,23
46,"7['N', 'Y', 's']558",2022,2026,455,35,10
47,"10['V', 'J', 'w']20",2022,2026,139,21,25
48,"9['J', 'x', 'M']203",2018,2022,946,48,30
49,"78['t', 'M', 'O']267",2015,2019,519,40,31
50,"64['r', 'I', 'u']665",2018,2022,982,36,6
51,"14['S', 'M', 'g']191",2015,2019,334,3,5
52,"87['y', 'n', 'l']950",2017,2021,916,25,33
53,"47['g', 'U', 'z']238",2022,2026,671,12,38
54,"94['L', 'H', 'Q']412",2017,2021,170,44,32
55,"66['N', 'w', 'S']70",2022,2026,850,41,34
56,"7['Y', 'm', 'g']550",2022,2026,111,30,25
57,"39['B', 'X', 'R']56",2020,2024,169,12,3
58,"19['W', 'd', 'g']737",2016,2020,426,46,2
59,"87['E', 'h', 'B']419",2018,2022,183,19,1
60,"32['E', 'O', 'q']397",2021,2025,477,33,7
61,"22['A', 'w', 'v']864",2019,2023,920,23,18
62,"31['L', 'f', 'q']365",2022,2026,637,41,29
63,"25['M', 'i', 'p']247",2022,2026,789,2,9
64,"0['M', 'l', 'O']97",2019,2023,472,35,26
65,"86['B', 'w', 'y']825",2017,2021,890,25,22
66,"6['S', 'z', 'H']51",2016,2020,451,2,9
67,"11['j', 'L', 'z']76",2016,2020,994,49,22
68,"37['Q', 'q', 'g']234",2015,2019,389,29,24
69,"88['e', 'O', 'd']974",2022,2026,485,7,37
70,"64['l', 'W', 'G']299",2016,2020,955,36,11
71,"6['x', 'R', 'Z']310",2016,2020,503,45,30
72,"20['c', 'D', 'J']369",2020,2024,844,2,3
73,"86['G', 'R', 'f']39",2015,2019,607,31,25
74,"36['y', 'B', 'D']169",2016,2020,608,29,4
75,"62['Y', 'q', 'r']914",2018,2022,539,28,39
76,"1['g', 'R', 'X']65",2017,2021,281,4,8
77,"87['I', 'e', 'g']550",2019,2023,407,44,28
78,"8['w', 'Z', 'b']123",2021,2025,494,9,19
79,"96['a', 'F', 'c']163",2021,2025,389,9,7
80,"61['I', 'v', 'y']686",2016,2020,604,10,39
81,"31['n', 'x', 'h']497",2021,2025,292,4,25
82,"22['J', 'j', 'v']486",2017,2021,156,7,13
83,"12['x', 'V', 'A']405",2019,2023,15,45,12
84,"56['j', 'u', 'W']868",2016,2020,835,34,28
85,"55['N', 'X', 'm']971",2020,2024,989,14,18
86,"39['L', 'I', 'U']620",2018,2022,702,37,36
87,"97['Y', 'y', 'X']341",2021,2025,815,17,21
88,"41['l', 'W', 'Q']128",2016,2020,518,5,5
89,"54['J', 'q', 'W']211",2015,2019,57,34,40
90,"50['v', 'D', 'm']920",2016,2020,494,50,12
91,"61['h', 'c', 'h']614",2017,2021,598,1,21
92,"5['y', 'f', 'y']487",2016,2020,615,43,21
93,"73['c', 'C', 'Z']120",2016,2020,378,7,35
94,"25['B', 'G', 'H']330",2018,2022,761,44,30
95,"51['u', 'F', 'M']356",2019,2023,241,13,29
96,"6['t', 'Q', 'L']319",2021,2025,622,37,28
97,"82['t', 'R', 'Q']699",2016,2020,872,44,35
98,"39['c', 'P', 'w']645",2015,2019,171,29,34
99,"28['f', 'T', 'S']763",2019,2023,516,8,38
100,"75['j', 'j', 's']227",2015,2019,974,39,27
101,"74['R', 'I', 'e']240",2017,2021,998,47,38
102,"51['r', 'k', 'O']130",2018,2022,541,9,16
103,"24['j', 'O', 'H']130",2019,2023,581,9,25
104,"59['X', 'M', 'V']456",2017,2021,549,23,32
105,"74['p', 'i', 'h']317",2015,2019,814,48,24
106,"21['x', 'I', 't']823",2018,2022,289,13,40
107,"53['Q', 'g', 'G']280",2017,2021,369,2,37
108,"36['M', 'V', 'Q']282",2018,2022,220,47,6
109,"12['k', 'G', 'C']400",2022,2026,135,12,37
110,"56['w', 'Q', 'K']91",2018,2022,717,50,27
111,"79['l', 'L', 'p']694",2017,2021,642,33,11
112,"48['s', 'N', 'G']151",2017,2021,272,21,9
113,"45['T', 'a', 'E']172",2022,2026,330,8,6
114,"23['D', 'e', 'q']598",2016,2020,540,3,32
115,"62['M', 'l', 'g']174",2019,2023,560,42,12
116,"48['y', 'Q', 'A']763",2016,2020,830,49,8
117,"6['v', 'c', 'C']264",2018,2022,701,37,32
118,"56['w', 'O', 'E']254",2022,2026,162,47,25
119,"11['S', 'F', 'm']133",2018,2022,253,14,32
120,"99['F', 'c', 'y']947",2019,2023,345,45,6
121,"4['x', 'X', 'A']579",2018,2022,197,34,37
122,"65['t', 'R', 'j']702",2019,2023,610,31,23
123,"75['V', 'E', 'u']340",2017,2021,227,2,6
124,"18['l', 'f', 'u']654",2021,2025,747,25,17
125,"65['Q', 'I', 'y']334",2018,2022,69,28,35
126,"79['o', 'p', 'E']892",2017,2021,88,50,20
127,"28['F', 'O', 'd']15",2017,2021,366,15,19
128,"62['h', 'A', 'f']416",2022,2026,979,13,33
129,"75['P', 'W', 'I']854",2022,2026,985,9,35
130,"27['R', 'm', 'F']446",2015,2019,987,46,18
131,"1['G', 'g', 'Z']494",2022,2026,706,3,36
132,"75['l', 't', 'b']145",2018,2022,684,26,26
133,"86['i', 'S', 'g']808",2018,2022,434,18,27
134,"73['S', 'q', 'g']535",2019,2023,674,12,20
135,"1['q', 'H', 'E']739",2017,2021,91,2,33
136,"68['M', 'h', 'r']583",2019,2023,532,12,30
137,"77['V', 'L', 'y']126",2015,2019,516,14,36
138,"92['Q', 'o', 's']158",2022,2026,108,41,3
139,"99['n', 'U', 'w']50",2018,2022,57,29,32
140,"53['P', 'U', 'c']762",2018,2022,337,29,12
141,"22['X', 'f', 'Q']627",2022,2026,537,33,10
142,"33['s', 'm', 'X']443",2021,2025,584,17,1
143,"55['H', 'O', 'e']886",2017,2021,537,17,33
144,"91['Y', 'n', 't']763",2022,2026,519,44,29
145,"4['c', 'v', 'M']782",2017,2021,943,49,6
146,"91['y', 's', 'b']109",2018,2022,617,24,7
147,"95['R', 'L', 'C']855",2021,2025,298,36,5
148,"11['F', 'p', 'j']701",2021,2025,732,8,13
149,"4['s', 'Z', 'n']154",2019,2023,763,4,23
150,"11['Q', 'A', 'x']821",2015,2019,258,45,19
151,"87['e', 'U', 'A']399",2019,2023,392,49,19
152,"33['q', 'x', 'o']703",2020,2024,819,47,9
153,"90['Z', 'n', 'd']55",2020,2024,418,13,40
154,"66['b', 'V', 'o']315",2015,2019,495,18,14
155,"16['h', 'e', 'C']205",2016,2020,635,12,16
156,"12['a', 'b', 'e']276",2022,2026,350,17,10
157,"18['z', 'I', 'H']844",2015,2019,256,37,30
158,"21['s', 'J', 'X']132",2018,2022,730,43,22
159,"53['i', 'J', 'x']553",2020,2024,206,5,5
160,"16['N', 'O', 'x']472",2021,2025,231,45,24
161,"14['w', 's', 'M']289",2015,2019,182,45,8
162,"44['T', 'e', 'Y']492",2021,2025,570,33,2
163,"65['J', 'Q', 'N']736",2017,2021,553,50,15
164,"18['f', 'k', 'C']853",2017,2021,89,19,5
165,"62['D', 'g', 'O']396",2016,2020,20,50,5
166,"5['r', 'q', 'e']530",2020,2024,952,5,16
167,"88['X', 'f', 'U']751",2021,2025,868,1,17
168,"15['l', 'r', 'w']172",2016,2020,695,44,16
169,"84['b', 'J', 'p']860",2022,2026,383,1,28
170,"17['v', 'P', 'W']551",2018,2022,898,1,19
171,"16['I', 'L', 'a']644",2020,2024,610,5,21
172,"72['h', 'F', 'O']522",2018,2022,176,32,16
173,"80['U', 'U', 'u']425",2017,2021,659,40,26
174,"91['G', 's', 'K']705",2020,2024,727,46,30
175,"72['K', 'y', 'c']127",2022,2026,832,38,38
176,"47['M', 'A', 'F']602",2015,2019,301,7,16
177,"97['W', 'N', 'A']910",2019,2023,573,18,13
178,"79['o', 'r', 'z']567",2016,2020,747,32,39
179,"80['y', 'i', 'u']506",2020,2024,657,13,22
180,"61['Z', 'I', 'g']397",2015,2019,90,21,25
181,"91['T', 'z', 'A']908",2018,2022,478,12,16
182,"95['M', 'P', 'U']273",2017,2021,328,15,24
183,"92['r', 'd', 'y']104",2022,2026,418,42,23
184,"85['B', 'X', 'G']575",2020,2024,131,12,24
185,"43['D', 'G', 'J']351",2018,2022,528,43,8
186,"32['G', 'T', 'r']446",2019,2023,871,14,37
187,"50['L', 'p', 'B']698",2016,2020,336,23,35
188,"4['T', 'x', 'v']645",2017,2021,942,49,19
189,"65['Y', 'w', 'i']853",2021,2025,122,5,34
190,"96['z', 'D', 'N']341",2019,2023,330,5,26
191,"87['s', 't', 'U']566",2017,2021,985,33,27
192,"63['P', 's', 'l']791",2022,2026,386,27,24
193,"54['F', 'I', 'i']972",2020,2024,925,39,9
194,"56['f', 'd', 'e']24",2015,2019,902,35,18
195,"2['u', 'j', 'C']3",2021,2025,812,34,25
196,"62['g', 'M', 'i']593",2020,2024,343,44,35
197,"81['k', 'g', 'Y']783",2022,2026,161,9,16
198,"55['g', 'h', 'v']386",2018,2022,930,37,8
199,"99['o', 'D', 'k']495",2015,2019,638,18,21
200,"67['v', 'u', 'o']862",2021,2025,91,30,30
201,"76['q', 'L', 'H']414",2016,2020,913,39,38
202,"92['a', 'E', 'u']961",2018,2022,248,21,13
203,"10['v', 'j', 'l']205",2016,2020,576,34,26
204,"43['v', 'X', 'J']3",2017,2021,609,28,15
205,"24['W', 'b', 'C']45",2017,2021,375,26,2
206,"5['w', 'P', 'T']95",2015,2019,726,24,26
207,"89['A', 'q', 'B']94",2016,2020,254,8,19
208,"23['o', 'U', 'g']853",2017,2021,377,27,15
209,"26['n', 'f', 'q']87",2018,2022,880,20,11
210,"36['E', 'D', 'B']611",2022,2026,887,47,27
211,"97['M', 'y', 'R']841",2018,2022,417,9,25
212,"30['V', 'a', 'R']295",2020,2024,56,24,30
213,"74['O', 'j', 'v']294",2017,2021,337,29,4
214,"37['a', 'V', 'E']91",2018,2022,114,22,35
215,"18['h', 'Q', 'S']232",2017,2021,315,45,7
216,"89['X', 'c', 'v']220",2017,2021,546,29,6
217,"20['B', 'k', 'r']691",2016,2020,852,3,29
218,"78['I', 'x', 'M']449",2016,2020,902,6,19
219,"38['i', 's', 'k']750",2016,2020,173,28,24
220,"63['E', 'G', 'w']903",2019,2023,670,44,34
221,"42['i', 'y', 'f']714",2016,2020,399,37,22
222,"66['G', 'B', 'X']398",2022,2026,423,35,17
223,"74['U', 'H', 's']983",2015,2019,640,45,16
224,"3['C', 'R', 'l']258",2017,2021,710,43,2
225,"98['D', 'd', 'Q']403",2020,2024,719,43,10
226,"27['z', 'p', 'E']82",2018,2022,439,5,2
227,"19['r', 'A', 'A']688",2022,2026,548,24,4
228,"38['Y', 'K', 'W']917",2021,2025,817,10,37
229,"83['Y', 'w', 'd']974",2021,2025,760,47,21
230,"86['W', 'S', 'c']593",2022,2026,681,11,26
231,"92['z', 'd', 'U']14",2021,2025,592,15,27
232,"41['o', 'U', 'f']766",2019,2023,315,48,35
233,"77['M', 'u', 'P']336",2016,2020,113,50,17
234,"23['F', 'J', 'T']302",2022,2026,580,24,9
235,"27['f', 's', 'i']31",2015,2019,785,43,37
236,"2['s', 'a', 'S']116",2019,2023,876,16,31
237,"45['c', 'R', 'S']50",2016,2020,868,14,28
238,"87['Y', 'U', 'j']295",2020,2024,784,8,35
239,"79['b', 'q', 'J']719",2016,2020,788,3,11
240,"12['t', 'W', 'Y']607",2018,2022,267,49,4
241,"1['Y', 'u', 'F']588",2019,2023,82,17,3
242,"65['A', 'i', 'T']901",2022,2026,593,21,6
243,"28['V', 'R', 'D']274",2021,2025,710,47,13
244,"10['l', 'e', 'Q']132",2017,2021,279,36,13
245,"68['s', 'm', 'x']786",2019,2023,231,33,27
246,"51['G', 'e', 'b']788",2020,2024,714,43,40
247,"1['B', 'd', 'm']886",2016,2020,534,46,10
248,"73['L', 'z', 'C']931",2021,2025,784,41,25
249,"11['B', 'g', 'U']258",2020,2024,637,33,36
250,"21['Y', 'U', 'I']934",2018,2022,815,9,15
251,"72['Z', 'g', 'B']188",2017,2021,190,38,21
252,"44['B', 'G', 'U']995",2021,2025,675,44,12
253,"97['W', 'o', 'g']843",2022,2026,687,26,33
254,"31['E', 'k', 'R']203",2020,2024,309,33,8
255,"88['e', 'j', 'q']362",2015,2019,672,28,17
256,"17['m', 'W', 'U']554",2015,2019,732,9,17
257,"63['p', 'K', 'Y']783",2022,2026,579,46,38
258,"50['s', 'H', 'K']724",2020,2024,733,23,40
259,"94['d', 'h', 'J']733",2015,2019,677,48,10
260,"98['P', 't', 'o']211",2016,2020,66,22,15
261,"95['G', 'c', 'T']93",2019,2023,264,43,27
262,"42['D', 'g', 'C']126",2016,2020,545,20,1
263,"34['f', 'x', 'D']28",2019,2023,967,2,13
264,"52['N', 'v', 'X']460",2015,2019,70,3,25
265,"4['D', 'x', 'q']675",2020,2024,19,29,10
266,"51['D', 'D', 'n']528",2021,2025,626,30,37
267,"60['x', 'm', 'i']170",2019,2023,893,6,14
268,"58['J', 'x', 'u']130",2022,2026,738,3,29
269,"74['V', 'R', 'x']142",2019,2023,407,20,9
270,"78['m', 'j', 'g']497",2019,2023,720,50,4
271,"84['V', 'r', 'B']615",2015,2019,153,46,28
272,"79['g', 'z', 'U']787",2020,2024,327,39,37
273,"2['B', 'W', 'J']616",2020,2024,129,18,28
274,"94['b', 'Z', 'e']859",2018,2022,107,40,15
275,"15['V', 'c', 'p']775",2018,2022,838,27,1
276,"26['E', 's', 'O']10",2019,2023,784,46,24
277,"29['h', 'g', 'q']312",2018,2022,487,3,20
278,"51['e', 'S', 'Y']303",2017,2021,967,1,19
279,"12['T', 'd', 'O']290",2020,2024,278,18,6
280,"23['U', 'Y', 'y']688",2015,2019,314,3,10
281,"64['u', 'P', 'a']803",2021,2025,537,32,31
282,"11['h', 'j', 's']877",2016,2020,318,15,19
283,"98['m', 'R', 'q']521",2020,2024,413,44,23
284,"93['B', 'j', 'e']0",2016,2020,197,17,38
285,"21['k', 'P', 'E']110",2015,2019,788,13,40
286,"16['S', 'k', 'K']907",2018,2022,385,25,38
287,"22['z', 'T', 'p']594",2022,2026,221,33,7
288,"24['a', 'm', 'Q']211",2018,2022,872,46,27
289,"2['I', 'J', 'w']802",2021,2025,642,40,7
290,"21['v', 'H', 'S']376",2015,2019,465,17,24
291,"44['B', 'D', 'z']703",2022,2026,705,50,17
292,"66['i', 'm', 'a']207",2019,2023,964,45,11
293,"60['U', 'X', 'E']686",2017,2021,259,10,17
294,"98['e', 'i', 'E']608",2021,2025,868,7,40
295,"33['e', 'd', 'q']202",2017,2021,547,10,1
296,"83['e', 'i', 'V']174",2019,2023,752,46,24
297,"7['H', 'i', 'b']244",2020,2024,195,25,21
298,"70['M', 'M', 'J']805",2017,2021,16,17,22
299,"33['H', 'p', 'W']87",2016,2020,995,3,22
300,"51['d', 'H', 'u']184",2017,2021,753,35,20
301,"71['A', 'C', 'e']584",2020,2024,771,36,10
302,"82['Y', 'y', 't']228",2018,2022,819,42,12
303,"79['R', 'B', 'i']317",2022,2026,788,27,25
304,"48['z', 'B', 't']501",2022,2026,492,15,35
305,"30['I', 'u', 'S']927",2018,2022,160,41,31
306,"60['i', 'X', 'V']74",2018,2022,386,25,15
307,"28['w', 'a', 'F']606",2018,2022,979,15,21
308,"41['y', 'z', 'r']339",2020,2024,769,9,14
309,"72['h', 'v', 'L']320",2020,2024,694,33,26
310,"33['H', 'c', 'r']931",2017,2021,753,34,22
311,"75['Z', 'J', 'G']396",2017,2021,794,11,20
312,"96['r', 'j', 'H']0",2018,2022,40,26,2
313,"9['k', 'I', 'o']981",2021,2025,859,20,29
314,"53['I', 'u', 'A']975",2017,2021,345,18,1
315,"66['n', 'l', 'z']803",2021,2025,496,5,18
316,"35['v', 'i', 'F']818",2017,2021,794,33,24
317,"88['d', 'F', 'd']21",2021,2025,598,28,24
318,"12['F', 'i', 't']275",2015,2019,509,21,17
319,"82['H', 'y', 'f']870",2016,2020,401,5,3
320,"68['X', 'L', 'I']766",2019,2023,99,21,31
321,"29['K', 'd', 'O']177",2016,2020,470,35,15
322,"97['A', 'y', 'J']84",2017,2021,924,45,15
323,"7['m', 'j', 'a']870",2018,2022,216,38,20
324,"70['h', 'k', 'a']363",2015,2019,535,23,18
325,"72['B', 'R', 'w']666",2020,2024,82,49,22
326,"58['b', 'I', 'K']621",2017,2021,406,32,26
327,"40['g', 'w', 'j']396",2020,2024,567,23,5
328,"54['I', 'M', 'o']414",2018,2022,437,33,13
329,"97['a', 'E', 'a']23",2022,2026,394,22,13
330,"94['G', 'C', 'Z']449",2020,2024,227,32,14
331,"5['j', 'v', 'G']624",2016,2020,168,20,8
332,"92['s', 'I', 'N']146",2022,2026,195,2,17
333,"75['o', 'S', 'W']535",2022,2026,907,42,40
334,"47['Y', 'w', 'f']555",2021,2025,269,7,13
335,"26['k', 'r', 'm']771",2015,2019,446,18,19
336,"62['P', 'k', 'n']622",2020,2024,724,44,13
337,"31['g', 'h', 'A']298",2020,2024,676,14,38
338,"87['l', 'E', 'z']918",2018,2022,921,14,12
339,"25['J', 'e', 'A']978",2022,2026,282,25,33
340,"71['H', 'b', 'B']116",2020,2024,316,31,12
341,"68['U', 'N', 'g']640",2017,2021,607,5,16
342,"87['k', 'E', 's']999",2020,2024,445,15,33
343,"65['y', 'n', 'L']676",2020,2024,554,37,10
344,"72['O', 'E', 'U']534",2018,2022,965,15,40
345,"87['f', 'j', 'm']962",2019,2023,29,8,4
346,"64['x', 'h', 'g']656",2015,2019,445,50,37
347,"70['G', 'h', 'h']960",2018,2022,266,17,39
348,"31['g', 'V', 'a']479",2022,2026,319,38,13
349,"3['m', 'k', 'P']720",2018,2022,189,49,39
350,"73['A', 'I', 'W']393",2022,2026,871,12,7
351,"26['w', 'k', 'h']31",2022,2026,688,9,12
352,"5['O', 'u', 'p']54",2021,2025,460,48,29
353,"68['L', 'W', 'k']153",2016,2020,368,1,26
354,"66['u', 'e', 'Q']579",2019,2023,648,4,12
355,"36['C', 'V', 'q']984",2016,2020,108,13,24
356,"82['u', 'u', 'F']143",2018,2022,604,38,13
357,"65['i', 'D', 'z']225",2016,2020,218,28,29
358,"29['I', 'M', 'g']527",2022,2026,377,7,22
359,"99['m', 'B', 'e']447",2018,2022,819,2,38
360,"75['G', 'G', 'f']101",2022,2026,206,41,30
361,"10['o', 'L', 'm']570",2021,2025,633,7,12
362,"89['V', 'n', 'H']738",2021,2025,655,18,22
363,"32['H', 'm', 'O']994",2022,2026,599,19,23
364,"31['B', 'd', 'P']396",2015,2019,311,24,17
365,"23['y', 'H', 'M']206",2021,2025,354,49,2
366,"41['y', 'K', 'k']834",2015,2019,537,24,13
367,"86['Q', 'g', 'b']252",2020,2024,794,48,32
368,"59['D', 'h', 'x']53",2016,2020,23,35,35
369,"43['F', 'n', 'Z']316",2015,2019,443,23,27
370,"58['q', 'Z', 'l']666",2019,2023,63,9,22
371,"11['B', 'd', 'S']328",2017,2021,971,30,25
372,"96['G', 'g', 'b']446",2016,2020,565,29,30
373,"1['z', 'u', 'n']244",2021,2025,81,10,21
374,"50['t', 'A', 'j']215",2021,2025,784,17,10
375,"83['A', 'F', 'w']187",2019,2023,280,42,14
376,"87['L', 'R', 'b']581",2019,2023,430,19,25
377,"46['O', 'Y', 'u']657",2020,2024,496,5,6
378,"32['l', 'S', 'o']858",2016,2020,311,2,23
379,"75['V', 'a', 'H']139",2017,2021,862,47,10
380,"13['E', 'n', 'b']367",2022,2026,695,32,1
381,"71['D', 'A', 'o']684",2020,2024,434,30,25
382,"3['E', 'W', 'x']524",2018,2022,16,7,37
383,"77['J', 'u', 'j']796",2020,2024,474,20,27
384,"27['Z', 'K', 'C']351",2022,2026,281,45,5
385,"44['D', 'P', 'K']39",2022,2026,93,46,18
386,"96['e', 'i', 's']86",2015,2019,441,38,22
387,"77['l', 'K', 'Q']270",2022,2026,178,1,21
388,"40['A', 'Y', 'R']872",2021,2025,738,46,29
389,"52['b', 'A', 'b']29",2022,2026,728,34,30
390,"65['z', 'd', 'P']448",2017,2021,617,33,38
391,"32['n', 'f', 'y']400",2022,2026,427,3,18
392,"83['k', 'H', 'K']508",2019,2023,451,15,1
393,"35['I', 'l', 'p']549",2021,2025,626,15,13
394,"58['N', 'Q', 'p']728",2018,2022,644,1,14
395,"49['L', 'o', 'K']925",2022,2026,661,49,29
396,"24['U', 'a', 'e']727",2019,2023,185,25,1
397,"23['u', 'e', 'u']329",2015,2019,556,27,10
398,"46['Y', 'J', 'f']115",2022,2026,143,41,21
399,"9['K', 'q', 'E']994",2021,2025,13,31,26
400,"13['Z', 'j', 'L']66",2021,2025,862,1,1
401,"73['r', 'X', 'i']830",2020,2024,951,33,25
402,"58['n', 'l', 'q']139",2020,2024,304,34,29
403,"81['A', 'V', 'i']919",2021,2025,796,13,11
404,"76['k', 'V', 'Z']894",2018,2022,461,40,26
405,"45['O', 'c', 'b']489",2022,2026,723,14,25
406,"57['G', 'p', 'E']915",2019,2023,822,26,27
407,"60['p', 'Y', 'B']923",2015,2019,239,12,37
408,"90['K', 'B', 'a']175",2021,2025,663,19,38
409,"28['Q', 's', 'v']897",2021,2025,679,18,29
410,"18['p', 'v', 'x']813",2016,2020,885,24,37
411,"63['W', 'n', 't']34",2018,2022,290,27,6
412,"12['Z', 'r', 'j']773",2021,2025,907,27,3
413,"72['R', 'l', 'C']897",2022,2026,445,32,8
414,"72['k', 'X', 'Q']829",2021,2025,923,12,34
415,"80['T', 'p', 'f']806",2018,2022,90,30,34
416,"13['n', 'B', 'J']234",2017,2021,515,12,22
417,"20['y', 'q', 'z']487",2018,2022,419,1,16
418,"43['H', 'z', 'O']785",2021,2025,159,24,30
419,"64['h', 'O', 'c']542",2015,2019,340,48,5
420,"84['H', 'x', 'R']487",2020,2024,792,6,34
421,"20['o', 'K', 'o']697",2019,2023,508,3,5
422,"57['Y', 'g', 'J']562",2015,2019,861,1,6
423,"25['r', 'w', 'v']491",2021,2025,491,25,14
424,"78['v', 'f', 'y']452",2022,2026,313,28,9
425,"67['P', 'Z', 'Z']70",2015,2019,359,35,29
426,"37['b', 'S', 'V']663",2020,2024,25,37,36
427,"89['y', 'O', 'B']850",2016,2020,505,29,25
428,"99['C', 'S', 's']521",2017,2021,678,46,4
429,"16['E', 'B', 'k']582",2019,2023,420,27,40
430,"45['B', 'G', 'K']233",2021,2025,174,50,28
431,"72['H', 'N', 'R']458",2018,2022,634,42,36
432,"50['m', 'G', 'e']565",2017,2021,955,12,21
433,"81['j', 'U', 'n']366",2015,2019,642,9,25
434,"31['O', 'T', 'P']878",2021,2025,460,2,17
435,"40['N', 'J', 'a']41",2015,2019,388,16,34
436,"98['c', 'p', 'E']10",2018,2022,76,14,38
437,"69['n', 'k', 'm']681",2019,2023,715,46,37
438,"6['Q', 'w', 'I']244",2020,2024,416,43,27
439,"3['u', 'w', 'H']377",2015,2019,366,47,6
440,"0['O', 'N', 'i']525",2015,2019,400,29,28
441,"8['p', 'P', 'p']348",2019,2023,407,6,20
442,"7['r', 'z', 'L']717",2016,2020,821,29,22
443,"70['s', 'U', 'y']58",2021,2025,814,43,38
444,"13['k', 'z', 'C']731",2015,2019,153,24,36
445,"3['y', 'L', 'p']792",2020,2024,960,15,1
446,"77['c', 'o', 'X']328",2022,2026,524,47,21
447,"25['c', 'D', 'l']876",2017,2021,268,25,12
448,"83['o', 'x', 'w']910",2021,2025,879,29,19
449,"79['T', 'C', 'w']943",2020,2024,720,9,7
450,"46['Q', 'Z', 'z']28",2017,2021,57,14,3
451,"0['Y', 't', 'W']598",2017,2021,584,18,31
452,"21['D', 'u', 'c']706",2019,2023,916,23,40
453,"20['q', 'B', 'S']629",2017,2021,269,49,12
454,"92['g', 's', 'B']200",2015,2019,984,5,6
455,"25['V', 'B', 'B']666",2018,2022,306,12,9
456,"96['U', 'X', 'a']671",2018,2022,421,9,29
457,"12['P', 'n', 'h']823",2017,2021,458,16,6
458,"44['Y', 'm', 'a']708",2019,2023,232,29,26
459,"4['P', 'M', 'N']778",2016,2020,842,46,14
460,"29['P', 'Q', 'B']311",2018,2022,329,8,38
461,"17['f', 'L', 'K']496",2022,2026,628,13,29
462,"13['u', 'y', 'a']436",2015,2019,119,10,11
463,"15['z', 'k', 'S']285",2018,2022,241,7,18
464,"71['o', 'A', 'U']731",2022,2026,250,3,24
465,"24['p', 'o', 't']434",2018,2022,861,37,40
466,"81['p', 'i', 'X']154",2019,2023,39,7,4
467,"27['G', 'R', 'L']354",2018,2022,146,5,21
468,"94['p', 'W', 'w']502",2022,2026,11,44,13
469,"44['w', 'C', 'N']209",2022,2026,417,37,40
470,"3['B', 't', 'Z']376",2019,2023,478,49,3
471,"50['y', 'E', 'M']803",2017,2021,750,11,33
472,"32['K', 'l', 't']971",2016,2020,622,18,4
473,"33['V', 'J', 'S']180",2018,2022,203,34,7
474,"26['M', 'F', 'A']883",2015,2019,46,42,15
475,"51['k', 'G', 'M']474",2021,2025,610,41,4
476,"80['D', 'd', 'g']761",2019,2023,54,20,33
477,"55['l', 'T', 'j']968",2019,2023,341,26,2
478,"75['w', 'Q', 'J']938",2020,2024,584,22,22
479,"73['j', 'q', 'f']165",2015,2019,484,38,17
480,"1['C', 'j', 'Z']183",2021,2025,912,1,6
481,"0['q', 'd', 'U']174",2016,2020,576,9,17
482,"45['c', 'B', 'x']117",2016,2020,358,42,9
483,"11['S', 'V', 'O']897",2016,2020,726,18,24
484,"45['C', 'N', 'H']997",2016,2020,546,38,23
485,"39['O', 'w', 'p']174",2021,2025,622,17,36
486,"87['Y', 'B', 'J']61",2020,2024,262,46,31
487,"87['g', 'l', 'r']48",2018,2022,129,13,37
488,"39['D', 'T', 'Z']942",2017,2021,845,42,28
489,"93['Y', 'W', 'd']598",2015,2019,399,39,37
490,"44['o', 'H', 'f']863",2016,2020,827,3,36
491,"42['V', 'p', 'O']988",2021,2025,759,22,11
492,"28['B', 'N', 'c']448",2017,2021,261,43,32
493,"70['s', 'm', 'I']823",2017,2021,715,21,25
494,"68['g', 'H', 'p']279",2017,2021,894,41,4
495,"42['j', 'J', 'X']103",2020,2024,923,11,3
496,"34['o', 'T', 'c']554",2022,2026,156,24,10
497,"56['x', 'o', 'i']755",2015,2019,169,6,14
498,"95['G', 'D', 'A']309",2015,2019,1,18,40
499,"31['f', 'E', 'p']196",2018,2022,851,40,3
500,"30['n', 'k', 'P']269",2022,2026,612,11,7
501,"8['U', 'j', 'T']951",2015,2019,728,25,34
502,"53['c', 'f', 'D']735",2019,2023,363,26,29
503,"63['o', 'h', 'r']77",2021,2025,272,39,13
504,"6['l', 'I', 'v']172",2019,2023,306,45,28
505,"65['Y', 'S', 'k']48",2017,2021,192,35,28
506,"13['t', 'q', 'F']952",2018,2022,665,23,37
507,"51['h', 'P', 'U']730",2017,2021,100,37,27
508,"50['n', 'O', 'u']516",2021,2025,599,11,27
509,"60['u', 'T', 'P']832",2017,2021,241,19,17
510,"13['b', 'u', 'F']819",2015,2019,468,20,32
511,"52['W', 'N', 'd']94",2019,2023,701,27,8
512,"78['h', 'D', 'W']854",2017,2021,27,5,11
513,"36['p', 'O', 'h']704",2016,2020,329,22,7
514,"78['P', 'k', 'w']807",2019,2023,290,31,21
515,"60['j', 'n', 'D']425",2021,2025,28,7,15
516,"98['h', 'w', 'W']783",2022,2026,191,36,13
517,"59['L', 'B', 'r']625",2019,2023,703,33,36
518,"27['k', 'A', 'C']597",2015,2019,424,19,13
519,"34['V', 'J', 'd']555",2022,2026,68,29,17
520,"57['y', 'r', 'Y']18",2021,2025,782,15,19
521,"83['c', 'T', 'G']782",2016,2020,790,37,20
522,"72['c', 'r', 'o']475",2019,2023,595,38,26
523,"92['l', 'c', 'M']913",2020,2024,68,40,39
524,"65['d', 't', 'o']52",2015,2019,587,47,15
525,"91['F', 'Y', 'k']9",2021,2025,309,3,3
526,"92['T', 'j', 'U']297",2022,2026,95,20,29
527,"2['d', 'C', 'G']323",2022,2026,629,38,5
528,"43['y', 'B', 'E']561",2016,2020,440,20,33
529,"41['V', 'o', 'H']852",2020,2024,695,6,39
530,"92['w', 's', 'd']714",2016,2020,907,34,17
531,"22['W', 'm', 'q']212",2019,2023,520,3,14
532,"97['B', 'O', 'A']275",2015,2019,959,10,1
533,"57['W', 'Q', 'E']503",2017,2021,845,43,19
534,"16['C', 'R', 'M']389",2017,2021,842,45,32
535,"40['m', 'M', 's']620",2018,2022,899,2,28
536,"32['O', 'y', 'w']487",2015,2019,407,19,33
537,"43['a', 'X', 'l']915",2016,2020,336,3,28
538,"76['d', 'N', 'y']835",2021,2025,622,49,23
539,"86['E', 'F', 'h']499",2021,2025,434,42,21
540,"7['k', 'P', 'i']627",2022,2026,212,26,27
541,"72['h', 'D', 'W']232",2016,2020,648,17,33
542,"18['R', 'g', 'p']558",2015,2019,295,18,12
543,"68['I', 'X', 'v']554",2021,2025,926,9,1
544,"75['y', 'J', 'u']161",2018,2022,667,7,1
545,"79['c', 'G', 'h']227",2015,2019,972,13,6
546,"57['S', 'l', 'j']202",2016,2020,190,38,32
547,"16['H', 'k', 'R']487",2016,2020,764,15,20
548,"40['Y', 'K', 'g']936",2016,2020,389,41,1
549,"44['U', 'h', 'S']44",2022,2026,498,24,37
550,"48['W', 'Z', 'P']28",2018,2022,552,39,16
551,"55['Q', 'q', 'M']742",2017,2021,394,12,36
552,"52['n', 'O', 'J']401",2015,2019,979,14,19
553,"83['e', 'p', 'i']824",2015,2019,494,25,25
554,"83['r', 'v', 'D']619",2016,2020,215,37,23
555,"79['q', 'r', 'd']190",2016,2020,512,35,16
556,"46['T', 'c', 'j']110",2016,2020,959,13,13
557,"63['z', 'l', 'c']471",2018,2022,257,11,19
558,"94['p', 'b', 'h']605",2017,2021,833,4,33
559,"64['B', 'X', 'g']201",2016,2020,573,36,12
560,"80['P', 'v', 'J']496",2016,2020,775,26,21
561,"70['F', 'V', 'e']785",2019,2023,988,2,39
562,"20['f', 'e', 'l']644",2016,2020,657,41,4
563,"27['V', 'K', 't']31",2015,2019,675,21,33
564,"94['t', 'Q', 'Y']806",2022,2026,91,18,23
565,"12['h', 'b', 'N']349",2019,2023,850,34,20
566,"99['T', 'o', 'Y']645",2015,2019,295,30,20
567,"11['I', 'O', 't']915",2017,2021,249,21,39
568,"29['O', 'x', 'X']409",2021,2025,862,34,27
569,"95['n', 'M', 'O']831",2018,2022,122,30,19
570,"20['L', 'I', 'C']974",2019,2023,439,47,27
571,"38['K', 'A', 'u']771",2018,2022,817,27,37
572,"30['a', 'c', 'H']270",2015,2019,552,42,17
573,"53['g', 'R', 'J']667",2017,2021,124,14,24
574,"75['P', 'r', 'H']303",2016,2020,774,35,13
575,"42['d', 'E', 'E']395",2016,2020,309,13,20
576,"56['S', 'Z', 'N']919",2022,2026,80,41,3
577,"36['U', 'a', 'M']569",2017,2021,939,32,32
578,"77['G', 'V', 'n']642",2022,2026,370,46,36
579,"65['o', 'K', 'I']2",2017,2021,84,29,20
580,"65['I', 'G', 'w']808",2019,2023,765,5,19
581,"62['o', 'D', 'z']183",2015,2019,521,24,21
582,"41['Y', 'I', 'd']215",2020,2024,251,15,16
583,"74['t', 'D', 'z']971",2018,2022,109,20,33
584,"94['g', 'B', 'N']451",2016,2020,98,16,25
585,"67['T', 'U', 'g']662",2022,2026,934,41,38
586,"83['E', 'R', 'k']364",2021,2025,728,17,7
587,"58['T', 'H', 'r']649",2022,2026,953,24,33
588,"7['E', 'b', 'P']752",2015,2019,282,27,7
589,"68['F', 'c', 'l']935",2019,2023,311,44,24
590,"50['l', 'x', 'l']138",2020,2024,879,6,40
591,"8['V', 'y', 'X']456",2020,2024,535,39,23
592,"89['x', 'q', 'V']875",2015,2019,635,49,15
593,"56['w', 'H', 'c']771",2022,2026,29,4,40
594,"44['F', 'c', 'R']118",2022,2026,257,36,36
595,"79['i', 'I', 'U']973",2016,2020,383,27,1
596,"33['J', 'X', 'H']111",2022,2026,102,49,4
597,"46['M', 'V', 'i']720",2017,2021,303,13,17
598,"40['C', 'k', 'x']975",2016,2020,292,38,32
599,"90['A', 'k', 'J']506",2018,2022,744,45,2
600,"24['A', 'w', 'K']548",2015,2019,860,48,12
601,"46['f', 'H', 'E']910",2018,2022,765,2,21
602,"31['S', 'k', 'y']288",2020,2024,634,34,8
603,"64['V', 'j', 'O']370",2015,2019,945,24,24
604,"71['t', 'm', 'z']928",2015,2019,796,22,28
605,"86['Y', 'f', 'S']151",2020,2024,753,46,39
606,"57['F', 'r', 'D']629",2015,2019,327,20,5
607,"38['f', 'q', 'x']717",2016,2020,709,2,36
608,"43['m', 'U', 'y']358",2022,2026,367,28,7
609,"56['E', 'U', 't']307",2022,2026,98,39,40
610,"27['l', 'c', 'j']205",2020,2024,374,39,19
611,"24['R', 'y', 'J']164",2015,2019,55,24,25
612,"20['U', 'C', 'X']426",2020,2024,643,44,39
613,"4['T', 's', 'n']981",2018,2022,698,15,10
614,"25['T', 'b', 'c']706",2019,2023,703,14,33
615,"73['P', 'q', 'S']719",2017,2021,521,10,34
616,"79['T', 'Y', 'I']298",2021,2025,224,16,2
617,"40['e', 'm', 'd']553",2016,2020,188,30,19
618,"64['h', 'u', 'z']70",2020,2024,118,4,23
619,"33['T', 'v', 'f']421",2017,2021,314,22,4
620,"32['q', 'x', 'o']296",2021,2025,804,13,22
621,"4['j', 'E', 'b']331",2019,2023,539,14,38
622,"68['p', 'L', 'F']902",2018,2022,198,43,36
623,"23['q', 'j', 'p']221",2018,2022,566,7,29
624,"39['A', 'w', 's']625",2022,2026,156,39,5
625,"16['s', 'X', 'n']282",2020,2024,507,6,24
626,"56['F', 'n', 'D']151",2022,2026,50,24,29
627,"38['p', 'r', 'f']39",2016,2020,257,38,11
628,"73['b', 'N', 'F']784",2015,2019,78,15,19
629,"17['Q', 'K', 'r']709",2016,2020,795,1,31
630,"9['z', 'J', 'M']354",2016,2020,686,17,22
631,"19['Z', 'f', 'A']877",2020,2024,519,21,14
632,"5['e', 'R', 'a']169",2021,2025,277,40,28
633,"87['r', 'S', 'Z']76",2015,2019,354,12,37
634,"43['C', 'y', 'n']550",2021,2025,854,44,10
635,"46['I', 'x', 'X']503",2020,2024,690,3,37
636,"96['K', 'Q', 'E']1",2022,2026,506,23,17
637,"95['U', 'C', 'v']857",2018,2022,821,10,7
638,"66['i', 'x', 'T']957",2022,2026,846,36,37
639,"92['m', 'P', 'P']610",2020,2024,231,2,13
640,"50['D', 'l', 'i']774",2022,2026,58,32,14
641,"14['K', 'f', 'M']323",2017,2021,544,18,24
642,"78['L', 'H', 'E']707",2016,2020,959,9,27
643,"85['q', 's', 'V']362",2017,2021,655,27,3
644,"37['j', 'Q', 'E']805",2022,2026,648,26,24
645,"35['K', 'c', 'R']618",2016,2020,458,47,9
646,"94['v', 'J', 'x']439",2021,2025,554,20,7
647,"4['T', 'u', 'E']714",2018,2022,723,21,25
648,"70['e', 'A', 't']225",2016,2020,726,28,37
649,"3['H', 't', 'b']644",2015,2019,854,7,4
650,"57['C', 'U', 'z']72",2017,2021,216,25,7
651,"67['g', 'r', 'M']220",2016,2020,305,28,9
652,"41['A', 'o', 'l']131",2016,2020,356,41,5
653,"15['T', 'a', 'Y']742",2021,2025,569,49,22
654,"57['q', 'Q', 'M']227",2021,2025,905,13,20
655,"6['R', 'E', 't']549",2021,2025,55,12,35
656,"93['F', 'S', 'u']683",2015,2019,447,20,12
657,"29['q', 'Y', 'u']631",2020,2024,34,18,30
658,"94['x', 'c', 'f']15",2019,2023,255,30,13
659,"45['X', 'y', 'Q']778",2018,2022,802,42,18
660,"58['J', 't', 'U']885",2015,2019,125,41,30
661,"39['s', 'F', 'p']799",2022,2026,797,1,8
662,"96['D', 'N', 'b']156",2017,2021,119,6,27
663,"34['J', 'X', 'c']608",2017,2021,119,32,23
664,"93['T', 'f', 'h']447",2022,2026,978,29,6
665,"65['i', 'B', 'I']544",2022,2026,269,41,37
666,"33['g', 'W', 'F']252",2015,2019,637,23,11
667,"36['n', 'G', 'z']110",2019,2023,805,35,6
668,"33['S', 'T', 'x']974",2018,2022,964,10,34
669,"68['p', 'E', 'G']896",2019,2023,667,5,6
670,"42['E', 'd', 'u']320",2018,2022,157,7,27
671,"14['N', 'n', 'r']292",2022,2026,955,25,40
672,"91['R', 'A', 's']314",2021,2025,744,7,28
673,"7['w', 'e', 'T']653",2022,2026,173,21,27
674,"27['g', 'k', 'Z']38",2022,2026,840,10,8
675,"81['l', 'z', 'd']863",2020,2024,123,5,9
676,"86['U', 's', 'c']741",2019,2023,352,44,18
677,"81['u', 'g', 'i']670",2019,2023,423,13,11
678,"93['v', 'q', 'b']334",2020,2024,282,8,20
679,"29['k', 'Z', 'Q']984",2018,2022,543,11,8
680,"17['d', 'z', 'G']943",2021,2025,879,22,12
681,"49['D', 'U', 'x']113",2022,2026,219,23,9
682,"6['w', 'Z', 'l']930",2021,2025,341,6,28
683,"17['K', 'y', 'S']851",2020,2024,352,10,29
684,"87['t', 'W', 'e']232",2017,2021,816,6,32
685,"28['o', 'l', 'e']814",2016,2020,332,32,11
686,"12['L', 'O', 'R']420",2020,2024,711,29,8
687,"9['N', 'Y', 'Z']445",2017,2021,780,3,22
688,"15['Y', 'e', 'Y']97",2021,2025,301,43,28
689,"80['g', 'G', 'A']118",2017,2021,912,18,25
690,"89['o', 'y', 'h']868",2018,2022,425,37,23
691,"27['b', 'K', 'W']635",2018,2022,905,5,16
692,"79['R', 'H', 'C']334",2016,2020,125,19,38
693,"12['J', 'M', 'J']50",2017,2021,205,21,2
694,"97['E', 'B', 'f']684",2016,2020,335,14,39
695,"73['U', 'e', 'e']793",2015,2019,593,44,3
696,"98['R', 'D', 'D']343",2021,2025,201,22,24
697,"16['A', 'l', 'V']351",2020,2024,814,42,5
698,"28['w', 'j', 'C']241",2015,2019,863,37,39
699,"6['T', 'P', 'l']985",2018,2022,639,33,15
700,"61['r', 'o', 'M']410",2022,2026,821,15,30
701,"26['a', 'L', 'K']83",2022,2026,462,26,14
702,"70['k', 'c', 'J']664",2021,2025,893,2,27
703,"57['b', 'q', 'O']420",2017,2021,514,12,12
704,"98['m', 'N', 's']342",2020,2024,704,16,32
705,"12['L', 'z', 'L']784",2022,2026,710,20,17
706,"57['N', 'v', 'A']59",2022,2026,13,31,18
707,"2['V', 'Z', 'D']927",2022,2026,381,9,40
708,"29['J', 'K', 'U']452",2015,2019,112,31,20
709,"4['M', 'W', 'p']911",2015,2019,961,29,10
710,"83['R', 'Y', 'v']409",2016,2020,60,17,28
711,"22['q', 'a', 'q']353",2019,2023,368,38,11
712,"17['d', 'h', 'r']319",2017,2021,748,12,24
713,"7['T', 'H', 'W']428",2016,2020,532,45,36
714,"62['u', 'D', 'X']468",2020,2024,602,19,35
715,"55['h', 'b', 'b']4",2019,2023,404,5,26
716,"82['r', 'm', 'Z']930",2021,2025,738,43,1
717,"70['r', 'Z', 'F']517",2021,2025,923,24,23
718,"52['h', 'J', 'V']431",2016,2020,92,40,5
719,"33['y', 'd', 'U']862",2020,2024,307,43,31
720,"90['M', 'r', 'm']259",2017,2021,677,37,30
721,"41['r', 'f', 'z']629",2017,2021,995,50,40
722,"51['h', 'C', 'p']199",2015,2019,491,34,5
723,"20['k', 't', 'q']440",2020,2024,457,26,19
724,"65['f', 'M', 'y']307",2015,2019,631,5,39
725,"78['z', 'G', 'z']840",2017,2021,351,23,29
726,"17['T', 'c', 'm']299",2015,2019,446,13,36
727,"97['Q', 'P', 'k']854",2017,2021,94,34,25
728,"60['k', 'O', 'b']816",2017,2021,568,15,40
729,"13['R', 'X', 'g']269",2017,2021,827,26,38
730,"70['x', 'M', 'P']922",2019,2023,148,3,30
731,"42['x', 'a', 'd']717",2016,2020,313,30,40
732,"88['T', 'w', 'w']751",2022,2026,45,22,26
733,"63['s', 'e', 'U']621",2018,2022,785,15,13
734,"85['d', 'L', 'V']350",2022,2026,126,43,17
735,"12['J', 'g', 'S']753",2018,2022,486,14,13
736,"75['k', 'v', 'k']765",2017,2021,324,45,20
737,"89['f', 'X', 'E']510",2017,2021,829,21,30
738,"25['d', 'J', 'H']488",2020,2024,355,26,13
739,"31['e', 'V', 'Y']617",2015,2019,152,2,25
740,"91['e', 't', 'Q']588",2018,2022,846,26,39
741,"66['s', 'g', 'R']816",2022,2026,818,4,22
742,"33['N', 'A', 'F']852",2018,2022,318,12,40
743,"75['Z', 'j', 'g']417",2021,2025,793,46,33
744,"37['t', 'y', 'y']372",2019,2023,208,12,6
745,"78['W', 'o', 'G']47",2022,2026,80,49,1
746,"36['Y', 'L', 'I']233",2020,2024,215,9,37
747,"58['B', 'Q', 'F']71",2018,2022,329,15,4
748,"67['F', 't', 'v']512",2022,2026,19,27,29
749,"51['N', 'J', 'u']192",2018,2022,566,42,29
750,"74['G', 'O', 'X']172",2017,2021,279,12,7
751,"30['H', 'q', 'z']693",2017,2021,897,6,12
752,"20['r', 'D', 'k']864",2021,2025,847,16,16
753,"54['a', 'N', 'Z']45",2019,2023,20,31,25
754,"16['m', 'h', 'T']196",2019,2023,235,25,35
755,"85['g', 'z', 'Y']883",2022,2026,977,14,7
756,"40['j', 'b', 'g']288",2020,2024,35,11,35
757,"65['G', 'D', 'E']16",2018,2022,479,31,35
758,"71['c', 'y', 'y']325",2018,2022,448,37,3
759,"38['e', 'U', 'f']463",2021,2025,427,12,18
760,"76['X', 'p', 'k']90",2017,2021,989,40,18
761,"60['S', 'S', 'b']402",2016,2020,73,10,4
762,"60['j', 'o', 'N']553",2017,2021,292,26,24
763,"35['a', 'M', 'I']247",2019,2023,886,46,26
764,"91['s', 'n', 'M']519",2022,2026,709,30,35
765,"63['V', 'h', 'U']689",2016,2020,789,30,17
766,"8['x', 't', 'e']193",2022,2026,227,17,30
767,"70['l', 'v', 'U']425",2020,2024,708,34,25
768,"97['p', 'U', 'E']70",2020,2024,174,8,11
769,"33['C', 'f', 'K']333",2015,2019,10,23,28
770,"58['b', 'A', 'o']556",2015,2019,346,50,25
771,"86['W', 'H', 'D']233",2016,2020,352,17,16
772,"75['V', 'B', 'E']717",2022,2026,551,10,6
773,"47['N', 'm', 'm']573",2017,2021,149,24,38
774,"9['q', 'J', 'M']233",2017,2021,171,25,32
775,"87['e', 'r', 'h']195",2018,2022,233,36,27
776,"95['H', 'B', 'h']87",2016,2020,455,19,30
777,"48['U', 'h', 'l']237",2017,2021,784,10,28
778,"71['Q', 'R', 'Z']16",2015,2019,138,38,21
779,"59['X', 'P', 'a']134",2022,2026,609,37,6
780,"17['K', 'c', 'z']613",2021,2025,111,24,40
781,"59['o', 'W', 'J']740",2018,2022,434,46,32
782,"76['e', 'I', 'i']211",2018,2022,90,29,2
783,"46['i', 'W', 'O']668",2017,2021,150,37,33
784,"19['E', 'R', 'j']85",2015,2019,695,44,38
785,"53['i', 'm', 'e']758",2017,2021,396,46,28
786,"95['x', 'l', 'E']91",2021,2025,573,9,36
787,"38['d', 'X', 'G']702",2020,2024,170,25,6
788,"63['w', 'T', 't']161",2019,2023,232,42,14
789,"19['o', 'm', 'Z']629",2020,2024,925,19,1
790,"26['d', 'G', 'l']172",2020,2024,329,5,15
791,"53['H', 'r', 'H']253",2021,2025,570,33,31
792,"69['q', 'u', 'g']884",2020,2024,355,20,38
793,"83['v', 'g', 'e']957",2017,2021,754,23,22
794,"55['q', 'h', 'X']100",2016,2020,86,46,11
795,"23['m', 'S', 'O']39",2021,2025,789,31,15
796,"86['P', 'K', 'K']358",2019,2023,479,8,24
797,"88['U', 'r', 'J']934",2021,2025,209,31,40
798,"63['A', 'R', 'q']173",2021,2025,162,10,23
799,"65['T', 'm', 'A']152",2017,2021,222,46,1
800,"23['f', 'P', 'k']523",2016,2020,778,35,30
801,"88['V', 'f', 'T']573",2016,2020,707,4,31
802,"58['q', 'Y', 'x']498",2019,2023,389,29,40
803,"55['E', 'g', 'g']544",2020,2024,776,42,30
804,"76['N', 'i', 'B']854",2015,2019,59,21,16
805,"18['W', 't', 'u']489",2022,2026,901,38,14
806,"89['G', 'k', 'm']769",2018,2022,445,41,32
807,"65['k', 's', 'B']746",2020,2024,54,17,30
808,"98['b', 'U', 'm']582",2018,2022,387,4,13
809,"47['i', 'G', 'h']114",2017,2021,935,12,35
810,"88['S', 'd', 'L']326",2017,2021,637,42,40
811,"19['k', 'r', 'g']441",2022,2026,228,45,20
812,"15['c', 'R', 'K']692",2015,2019,914,30,21
813,"71['B', 'G', 'W']765",2019,2023,464,22,2
814,"18['c', 'd', 'p']377",2018,2022,513,24,7
815,"16['A', 'F', 't']910",2019,2023,338,30,36
816,"53['C', 'h', 'L']628",2020,2024,566,36,39
817,"55['K', 'm', 'z']90",2016,2020,38,26,32
818,"10['y', 'T', 'w']243",2020,2024,47,50,1
819,"67['y', 'X', 'W']97",2015,2019,999,10,23
820,"20['k', 'p', 'c']138",2020,2024,46,19,30
821,"59['V', 'y', 'l']881",2020,2024,294,29,23
822,"8['R', 'f', 'w']745",2019,2023,627,3,13
823,"38['q', 'B', 'a']321",2022,2026,754,8,34
824,"46['D', 'H', 'j']324",2020,2024,363,10,24
825,"25['V', 'N', 'a']476",2016,2020,730,15,9
826,"52['N', 'r', 'o']940",2020,2024,178,6,5
827,"99['x', 'V', 'r']659",2017,2021,377,39,40
828,"63['w', 'C', 'p']621",2015,2019,343,10,12
829,"55['m', 'y', 'G']332",2017,2021,620,11,29
830,"54['T', 'X', 'V']424",2021,2025,748,27,27
831,"11['G', 'Q', 'c']55",2018,2022,736,2,28
832,"27['m', 'E', 'x']291",2021,2025,290,16,19
833,"39['n', 'q', 'd']585",2022,2026,831,40,17
834,"62['g', 'V', 'V']9",2016,2020,233,19,19
835,"40['G', 'H', 'b']998",2015,2019,955,17,23
836,"79['L', 'E', 'n']920",2021,2025,586,37,12
837,"70['X', 'M', 'Y']555",2015,2019,73,25,17
838,"23['t', 'S', 'Z']5",2018,2022,758,38,7
839,"84['A', 'n', 'N']316",2016,2020,114,5,20
840,"55['G', 'x', 'P']642",2016,2020,385,40,34
841,"67['u', 'E', 'o']600",2022,2026,772,43,9
842,"63['Y', 'q', 'b']318",2016,2020,752,23,24
843,"28['z', 'Y', 'U']675",2015,2019,836,6,40
844,"91['f', 'I', 'k']927",2016,2020,324,12,35
845,"42['u', 'a', 'h']658",2020,2024,820,9,35
846,"54['W', 'D', 'V']528",2020,2024,39,3,28
847,"5['K', 'B', 'i']696",2021,2025,924,45,12
848,"75['r', 'R', 'i']207",2018,2022,90,35,32
849,"23['B', 'E', 'e']666",2022,2026,928,8,2
850,"94['k', 'Y', 'D']568",2019,2023,802,2,16
851,"32['G', 'T', 'i']725",2020,2024,843,47,23
852,"76['D', 'A', 'X']907",2017,2021,254,33,20
853,"74['V', 'E', 'u']351",2021,2025,272,48,13
854,"76['O', 'h', 'U']700",2017,2021,330,50,34
855,"6['g', 'U', 'k']509",2019,2023,859,3,38
856,"33['b', 'U', 'J']951",2019,2023,342,45,17
857,"43['K', 'b', 'A']849",2017,2021,810,38,13
858,"8['v', 'x', 'a']967",2021,2025,860,8,28
859,"2['u', 'C', 'c']756",2022,2026,646,29,14
860,"61['U', 'w', 'J']958",2017,2021,409,24,30
861,"6['G', 'z', 'T']336",2020,2024,476,47,4
862,"17['i', 'x', 'F']813",2016,2020,749,26,1
863,"38['l', 'c', 'b']852",2018,2022,916,12,6
864,"82['N', 'D', 'I']566",2020,2024,319,20,28
865,"80['i', 'j', 'S']619",2016,2020,396,45,30
866,"3['D', 'Z', 'H']329",2017,2021,842,39,40
867,"90['E', 'w', 'x']627",2017,2021,322,4,13
868,"71['A', 'c', 'q']504",2017,2021,806,15,36
869,"18['V', 'y', 'W']85",2018,2022,940,22,23
870,"99['U', 'Y', 'E']571",2018,2022,34,41,2
871,"43['B', 'K', 'V']997",2020,2024,565,13,40
872,"83['W', 'o', 'l']128",2016,2020,424,6,22
873,"30['l', 'E', 'H']171",2021,2025,992,26,25
874,"59['D', 'Q', 'j']852",2016,2020,164,30,21
875,"6['v', 'W', 'G']452",2022,2026,364,37,14
876,"40['O', 'L', 'i']899",2018,2022,980,44,37
877,"52['Z', 'K', 'J']948",2022,2026,119,7,24
878,"84['o', 'U', 'f']262",2015,2019,951,38,22
879,"43['F', 'y', 'L']279",2022,2026,336,37,31
880,"33['q', 'Z', 'O']686",2016,2020,720,24,31
881,"63['S', 'M', 'a']334",2021,2025,177,7,35
882,"53['Z', 's', 'v']990",2022,2026,757,40,39
883,"97['u', 'p', 'Y']167",2016,2020,241,19,22
884,"86['s', 'o', 'S']670",2016,2020,89,30,13
885,"17['M', 'n', 'n']57",2020,2024,858,47,31
886,"40['O', 'Q', 'b']898",2018,2022,985,42,38
887,"5['F', 'u', 'U']804",2022,2026,159,48,17
888,"38['R', 'x', 'k']41",2020,2024,894,22,33
889,"2['g', 'T', 'w']924",2019,2023,185,45,19
890,"38['W', 'i', 'Q']744",2021,2025,81,40,10
891,"43['v', 'J', 'u']978",2017,2021,875,23,1
892,"86['e', 'C', 'b']731",2017,2021,788,26,12
893,"2['g', 'M', 'A']372",2015,2019,219,5,12
894,"92['I', 'I', 't']689",2022,2026,892,19,9
895,"83['V', 'D', 'V']168",2021,2025,330,40,33
896,"10['d', 'Q', 'l']305",2016,2020,945,46,37
897,"73['o', 'm', 'w']74",2022,2026,433,23,31
898,"68['O', 'l', 'Z']620",2016,2020,826,21,10
899,"73['O', 's', 's']305",2017,2021,144,22,21
900,"5['B', 'Y', 'f']130",2022,2026,995,38,14
901,"61['V', 'I', 'U']811",2019,2023,168,26,17
902,"13['W', 't', 'O']900",2017,2021,948,5,4
903,"24['a', 'E', 'K']906",2021,2025,702,49,37
904,"96['t', 'W', 'P']79",2016,2020,339,42,13
905,"23['e', 'F', 'B']435",2017,2021,584,44,3
906,"74['m', 'K', 'F']213",2018,2022,534,22,27
907,"71['j', 'Z', 'i']711",2020,2024,490,43,32
908,"28['E', 'h', 'B']375",2022,2026,964,11,9
909,"11['C', 'G', 'D']561",2019,2023,960,8,15
910,"74['Y', 'E', 'T']454",2015,2019,405,6,15
911,"50['O', 'p', 'P']592",2015,2019,384,16,9
912,"54['W', 'o', 'F']702",2017,2021,533,22,5
913,"61['k', 'o', 'S']191",2020,2024,524,13,16
914,"47['w', 'Z', 'M']844",2016,2020,117,13,1
915,"80['h', 'C', 'F']353",2018,2022,992,6,3
916,"87['g', 'f', 'c']901",2019,2023,675,41,20
917,"56['h', 'A', 'l']792",2015,2019,913,9,7
918,"67['M', 'c', 'w']39",2021,2025,757,43,25
919,"50['F', 'c', 'V']933",2019,2023,63,17,14
920,"34['P', 'J', 'J']377",2017,2021,659,36,32
921,"85['K', 'i', 'C']595",2021,2025,507,23,33
922,"56['U', 'a', 'Y']876",2019,2023,906,5,36
923,"4['O', 'z', 'I']269",2019,2023,346,40,25
924,"88['t', 'W', 'l']857",2020,2024,857,6,20
925,"38['l', 'B', 'T']380",2022,2026,671,38,13
926,"92['s', 'm', 'W']987",2018,2022,615,28,11
927,"27['I', 'A', 'k']318",2017,2021,686,24,13
928,"75['Q', 'p', 'q']690",2018,2022,299,50,19
929,"28['m', 'H', 'S']110",2021,2025,466,46,12
930,"63['N', 'Y', 'c']50",2016,2020,423,30,16
931,"56['e', 'b', 'p']598",2019,2023,145,4,32
932,"43['x', 'u', 'h']429",2021,2025,81,9,21
933,"15['g', 'p', 'R']179",2021,2025,720,9,19
934,"12['F', 'j', 'V']633",2015,2019,89,33,37
935,"44['j', 'M', 'J']566",2015,2019,384,16,38
936,"83['x', 'q', 'D']77",2020,2024,991,29,32
937,"67['H', 'p', 'L']375",2016,2020,247,50,17
938,"26['T', 'b', 'y']995",2015,2019,250,16,11
939,"21['A', 'a', 'i']921",2021,2025,871,37,4
940,"11['H', 'C', 'p']253",2015,2019,408,18,17
941,"90['I', 'H', 'w']310",2018,2022,722,28,21
942,"66['f', 'j', 'K']473",2016,2020,158,10,22
943,"26['p', 'j', 'F']536",2015,2019,190,23,39
944,"59['k', 'H', 'b']699",2019,2023,180,9,13
945,"84['E', 'g', 'E']988",2017,2021,246,33,15
946,"79['t', 'O', 'v']302",2018,2022,905,42,32
947,"15['o', 'A', 'G']880",2020,2024,297,2,8
948,"8['r', 'J', 'Q']816",2015,2019,223,13,6
949,"55['L', 'B', 'R']362",2017,2021,598,9,21
950,"7['x', 'a', 'X']698",2016,2020,422,9,35
951,"27['k', 'y', 'K']520",2016,2020,179,41,16
952,"69['F', 'q', 'q']584",2022,2026,33,34,31
953,"10['j', 'Z', 'X']377",2016,2020,975,38,1
954,"13['U', 'o', 'f']532",2021,2025,484,25,33
955,"86['q', 'k', 't']747",2015,2019,553,28,28
956,"3['R', 'J', 'T']223",2016,2020,431,44,4
957,"15['y', 'S', 's']136",2017,2021,336,32,17
958,"16['f', 't', 'i']991",2018,2022,15,45,20
959,"8['p', 'h', 'I']810",2021,2025,358,31,2
960,"52['D', 'B', 'U']182",2016,2020,664,13,28
961,"14['E', 't', 'L']758",2016,2020,966,22,11
962,"86['o', 'c', 'I']750",2015,2019,939,25,15
963,"43['H', 'O', 'W']548",2022,2026,389,50,34
964,"37['R', 'Z', 's']368",2015,2019,120,43,29
965,"78['H', 'h', 'U']928",2021,2025,311,41,11
966,"85['D', 'X', 'm']66",2021,2025,74,36,29
967,"48['B', 'G', 'u']62",2016,2020,657,19,16
968,"46['p', 'I', 'M']247",2015,2019,543,39,13
969,"6['U', 'x', 'x']1",2015,2019,383,43,8
970,"23['A', 'q', 'd']67",2021,2025,815,19,6
971,"45['L', 'n', 'E']607",2015,2019,787,17,12
972,"9['Z', 'v', 'i']253",2021,2025,710,28,2
973,"7['I', 'i', 'f']680",2020,2024,805,3,26
974,"93['q', 'X', 'U']696",2018,2022,445,25,12
975,"48['N', 'y', 'A']460",2017,2021,598,31,36
976,"86['x', 'h', 'K']448",2017,2021,644,23,13
977,"26['n', 'C', 'L']254",2022,2026,806,19,28
978,"2['W', 'd', 'i']19",2022,2026,673,38,17
979,"31['I', 'Z', 'C']347",2015,2019,966,42,4
980,"50['Z', 'I', 'I']962",2021,2025,165,29,25
981,"30['v', 'v', 'Q']650",2022,2026,126,3,12
982,"71['l', 'b', 'I']348",2019,2023,73,20,9
983,"94['a', 'B', 'C']697",2020,2024,736,20,27
984,"25['s', 'm', 'W']887",2020,2024,516,49,32
985,"98['u', 'N', 'P']202",2021,2025,735,12,18
986,"88['X', 'r', 'F']11",2020,2024,5,31,16
987,"68['c', 'o', 'I']422",2016,2020,860,45,19
988,"6['s', 'E', 'X']224",2020,2024,221,48,39
989,"38['T', 'O', 'T']304",2019,2023,801,15,35
990,"8['t', 'x', 'k']216",2016,2020,2,21,4
991,"88['c', 'w', 'x']673",2019,2023,564,46,18
992,"2['f', 'A', 'K']863",2018,2022,699,7,30
993,"95['A', 'p', 'V']320",2022,2026,678,5,29
994,"27['r', 'J', 'w']879",2018,2022,760,29,33
995,"27['a', 'D', 'k']998",2019,2023,383,25,40
996,"28['s', 'Z', 'c']88",2022,2026,240,18,8
997,"58['W', 'd', 'X']752",2016,2020,893,24,22
998,"25['D', 'p', 'l']834",2016,2020,435,41,27
999,"58['l', 'd', 'o']786",2022,2026,173,5,36
1000,"16['a', 'q', 'q']101",2021,2025,65,41,3
1001,"60['p', 'V', 'Q']388",2020,2024,994,37,26
1002,"13['Z', 'F', 'F']204",2016,2020,814,7,31
1003,"91['v', 'C', 'x']159",2017,2021,568,17,33
1004,"34['G', 'j', 'J']418",2017,2021,474,50,6
1005,"49['L', 'Z', 'l']15",2018,2022,204,47,17
1006,"86['l', 'a', 'u']912",2016,2020,152,4,8
1007,"1['F', 'A', 'g']849",2018,2022,677,49,6
1008,"85['I', 'D', 'F']241",2015,2019,498,5,9
1009,"1['n', 'P', 'j']271",2018,2022,580,41,19
1010,"85['A', 'K', 'a']288",2022,2026,400,34,4
1011,"68['N', 'd', 'E']529",2018,2022,754,48,33
1012,"3['E', 'U', 'j']666",2017,2021,728,43,11
1013,"49['N', 'z', 'A']116",2022,2026,428,27,4
1014,"57['f', 'x', 'w']623",2022,2026,97,37,22
1015,"93['K', 'H', 'G']883",2015,2019,406,34,32
1016,"27['R', 'J', 'B']191",2015,2019,848,38,31
1017,"20['g', 'M', 'h']171",2015,2019,656,7,8
1018,"60['E', 'D', 'X']381",2015,2019,177,50,32
1019,"66['s', 'f', 'd']668",2018,2022,33,49,19
1020,"52['A', 'M', 'h']348",2017,2021,933,8,5
1021,"85['k', 'D', 'Y']709",2018,2022,105,9,20
1022,"22['w', 'e', 'h']866",2018,2022,76,31,28
1023,"72['o', 'B', 'K']52",2015,2019,617,17,11
1024,"77['j', 'B', 'Y']635",2022,2026,567,25,5
1025,"22['u', 'b', 'w']697",2022,2026,603,31,2
1026,"5['C', 'w', 'D']56",2015,2019,893,6,3
1027,"98['O', 'w', 'O']482",2022,2026,978,38,9
1028,"72['V', 'X', 'T']15",2018,2022,350,24,7
1029,"65['o', 'b', 't']598",2017,2021,967,27,39
1030,"79['U', 'I', 'k']83",2019,2023,518,31,5
1031,"62['X', 'u', 'R']752",2021,2025,430,10,12
1032,"9['P', 'C', 'o']6",2016,2020,229,1,11
1033,"81['l', 'X', 'T']525",2017,2021,799,36,18
1034,"10['O', 'T', 's']791",2016,2020,442,25,27
1035,"61['j', 'O', 'N']372",2015,2019,314,45,3
1036,"40['S', 'C', 'k']293",2018,2022,649,47,33
1037,"81['T', 't', 'C']580",2022,2026,437,8,1
1038,"24['M', 'f', 'C']145",2017,2021,454,33,27
1039,"85['v', 'r', 'g']159",2021,2025,273,26,36
1040,"72['h', 'Z', 'd']338",2018,2022,596,46,24
1041,"55['J', 'P', 'T']728",2020,2024,275,39,6
1042,"26['g', 'I', 'z']555",2016,2020,421,39,14
1043,"18['K', 'H', 'w']526",2018,2022,661,27,23
1044,"8['G', 'H', 'q']28",2018,2022,839,12,10
1045,"89['t', 'd', 'c']897",2022,2026,628,6,20
1046,"86['p', 'b', 'f']873",2018,2022,488,17,17
1047,"48['d', 'a', 'N']4",2018,2022,202,15,3
1048,"16['b', 'n', 'j']281",2015,2019,538,24,33
1049,"30['x', 'W', 'r']245",2020,2024,64,38,28
1050,"4['O', 'q', 'j']862",2020,2024,268,44,25
1051,"97['K', 'J', 'd']661",2020,2024,682,28,1
1052,"32['f', 'W', 'C']963",2017,2021,191,45,11
1053,"30['C', 'U', 'P']440",2017,2021,849,4,2
1054,"88['u', 'V', 'V']548",2019,2023,150,12,7
1055,"32['Z', 'r', 'N']339",2015,2019,597,48,10
1056,"40['p', 'D', 'p']374",2021,2025,421,37,12
1057,"64['c', 'H', 'K']557",2020,2024,947,39,5
1058,"68['s', 'S', 'r']141",2021,2025,966,18,18
1059,"20['G', 'Q', 'n']413",2020,2024,444,41,36
1060,"89['n', 'H', 'J']260",2021,2025,395,5,32
1061,"12['k', 'y', 'd']76",2021,2025,224,14,31
1062,"26['u', 'y', 'b']416",2017,2021,340,34,3
1063,"39['x', 'w', 'd']461",2019,2023,672,34,6
1064,"82['w', 'z', 'k']715",2020,2024,456,24,10
1065,"68['N', 'F', 'U']753",2015,2019,195,39,33
1066,"61['l', 'v', 'h']170",2018,2022,259,17,31
1067,"85['v', 'w', 'G']419",2015,2019,27,40,4
1068,"39['Y', 'O', 'n']192",2015,2019,634,12,38
1069,"79['Q', 'V', 'F']853",2021,2025,32,11,25
1070,"33['o', 'U', 'M']253",2022,2026,453,19,12
1071,"85['N', 'b', 'z']270",2018,2022,459,30,36
1072,"69['j', 'i', 'Z']772",2020,2024,781,28,37
1073,"17['w', 'x', 'o']717",2021,2025,664,44,17
1074,"63['P', 'N', 'h']520",2018,2022,753,49,17
1075,"67['I', 'T', 'W']786",2021,2025,249,43,14
1076,"97['c', 'v', 'Z']535",2018,2022,716,4,8
1077,"32['k', 's', 'u']627",2015,2019,949,21,24
1078,"53['t', 'u', 'Q']676",2018,2022,746,13,26
1079,"54['x', 't', 'S']923",2022,2026,981,27,37
1080,"99['n', 'N', 'k']540",2020,2024,53,27,6
1081,"93['D', 'W', 'D']294",2017,2021,697,44,5
1082,"57['f', 'p', 'V']241",2020,2024,476,9,27
1083,"2['n', 'U', 'h']705",2016,2020,298,46,16
1084,"23['Q', 'D', 'R']193",2015,2019,341,6,36
1085,"19['m', 'O', 'i']65",2022,2026,446,1,20
1086,"39['L', 'V', 'R']837",2015,2019,37,9,11
1087,"21['C', 'o', 'X']925",2019,2023,419,40,33
1088,"1['b', 'W', 't']456",2016,2020,738,47,26
1089,"93['s', 'p', 'E']484",2020,2024,402,6,15
1090,"11['i', 'j', 'm']510",2017,2021,740,9,30
1091,"69['Q', 'O', 'd']758",2020,2024,784,27,26
1092,"77['B', 'm', 'U']34",2018,2022,780,20,38
1093,"39['Y', 'o', 'f']752",2015,2019,355,43,5
1094,"28['l', 'w', 'V']508",2019,2023,167,9,8
1095,"58['N', 'j', 'S']206",2021,2025,189,32,16
1096,"3['p', 'Y', 'o']796",2017,2021,230,47,38
1097,"38['u', 'J', 'R']81",2018,2022,529,42,29
1098,"59['D', 'f', 'I']621",2019,2023,877,8,29
1099,"24['t', 'j', 'E']806",2021,2025,923,25,25
1100,"44['x', 'a', 'D']136",2019,2023,569,23,13
1101,"22['l', 'c', 'N']3",2016,2020,64,12,26
1102,"9['K', 'F', 'g']43",2020,2024,859,5,9
1103,"90['B', 'X', 'X']55",2016,2020,482,1,9
1104,"30['v', 'e', 'E']453",2021,2025,23,44,8
1105,"70['U', 'A', 'l']228",2019,2023,561,40,22
1106,"54['C', 'K', 'g']208",2022,2026,975,30,29
1107,"2['m', 'j', 'Y']515",2016,2020,746,27,17
1108,"20['S', 'U', 'k']898",2020,2024,98,44,39
1109,"68['M', 'm', 'r']713",2016,2020,417,7,31
1110,"29['o', 'N', 'z']777",2015,2019,642,42,2
1111,"59['M', 'o', 'R']153",2022,2026,830,35,21
1112,"18['M', 'W', 'l']346",2021,2025,550,12,14
1113,"59['J', 'D', 't']58",2017,2021,389,30,7
1114,"11['i', 'c', 'D']611",2019,2023,450,45,21
1115,"74['p', 'p', 't']802",2020,2024,535,29,26
1116,"1['k', 'U', 'z']444",2018,2022,900,38,12
1117,"53['A', 'Q', 'A']499",2019,2023,936,41,19
1118,"10['B', 'c', 'k']200",2016,2020,993,4,20
1119,"15['U', 'z', 'd']737",2019,2023,63,15,13
1120,"81['e', 'v', 'Y']154",2018,2022,498,36,30
1121,"80['G', 'h', 'K']776",2019,2023,26,35,16
1122,"20['o', 'n', 'X']845",2019,2023,903,12,7
1123,"20['U', 'j', 'D']415",2020,2024,493,6,34
1124,"94['g', 'O', 'i']880",2015,2019,764,28,37
1125,"10['U', 'P', 'Y']261",2017,2021,290,49,16
1126,"84['W', 'Z', 'v']599",2020,2024,724,3,29
1127,"6['O', 'T', 'x']24",2021,2025,357,21,28
1128,"37['p', 'p', 'K']717",2016,2020,302,9,31
1129,"57['W', 'q', 'U']898",2016,2020,502,43,21
1130,"28['N', 'u', 'M']522",2019,2023,848,34,20
1131,"31['r', 't', 'j']219",2016,2020,593,38,7
1132,"41['f', 'r', 'I']839",2018,2022,345,27,23
1133,"67['B', 'B', 'g']787",2015,2019,897,43,38
1134,"89['p', 'T', 'k']155",2022,2026,332,44,20
1135,"94['E', 'P', 'c']61",2022,2026,372,48,14
1136,"37['R', 'f', 'X']107",2021,2025,507,2,25
1137,"71['c', 'u', 'p']36",2021,2025,833,4,3
1138,"82['O', 'P', 'L']670",2018,2022,105,49,40
1139,"14['O', 'B', 'q']897",2016,2020,41,3,26
1140,"97['l', 't', 'A']374",2015,2019,368,22,7
1141,"55['l', 'I', 'e']239",2016,2020,377,35,29
1142,"96['n', 'H', 'i']227",2020,2024,232,14,8
1143,"66['s', 'I', 'H']74",2017,2021,651,40,11
1144,"78['d', 'u', 'f']811",2017,2021,452,47,5
1145,"10['j', 'T', 'z']469",2020,2024,280,7,1
1146,"64['T', 'R', 'p']129",2018,2022,540,38,2
1147,"95['D', 'g', 'k']772",2017,2021,665,50,40
1148,"58['o', 'l', 'h']146",2015,2019,524,45,19
1149,"75['g', 'A', 'v']164",2017,2021,746,3,29
1150,"70['A', 'Z', 'G']17",2015,2019,96,20,19
1151,"54['T', 'j', 'Z']871",2018,2022,238,38,5
1152,"8['u', 'g', 'e']580",2019,2023,424,8,18
1153,"83['K', 'm', 'I']116",2016,2020,742,41,2
1154,"64['N', 'T', 'a']574",2015,2019,834,14,36
1155,"76['i', 'P', 'i']225",2016,2020,311,28,26
1156,"14['k', 'd', 'Z']604",2021,2025,791,44,27
1157,"59['l', 'm', 'y']405",2017,2021,353,32,34
1158,"65['n', 'H', 'f']813",2020,2024,371,18,27
1159,"66['B', 'h', 'g']879",2016,2020,428,45,24
1160,"67['V', 'F', 'W']426",2017,2021,360,11,8
1161,"57['t', 'M', 'n']920",2017,2021,436,22,35
1162,"51['C', 'W', 'V']622",2022,2026,748,26,36
1163,"31['F', 'p', 'p']854",2017,2021,496,32,10
1164,"13['h', 'G', 'K']600",2020,2024,987,4,30
1165,"42['C', 'n', 'o']366",2022,2026,368,12,35
1166,"84['v', 'P', 'k']659",2018,2022,856,37,36
1167,"62['J', 'u', 'i']213",2021,2025,586,4,33
1168,"42['T', 'K', 'h']343",2020,2024,541,50,28
1169,"65['P', 'R', 'c']891",2022,2026,458,36,40
1170,"27['M', 'O', 'p']602",2016,2020,873,32,7
1171,"46['k', 'd', 'r']599",2022,2026,900,20,39
1172,"38['Y', 'b', 'O']539",2021,2025,450,9,8
1173,"8['a', 'R', 'u']644",2018,2022,191,7,5
1174,"64['u', 'C', 'b']728",2018,2022,744,18,17
1175,"86['y', 'j', 'B']266",2021,2025,11,34,33
1176,"9['F', 'j', 'g']550",2019,2023,172,26,3
1177,"63['g', 'c', 'e']898",2016,2020,998,29,39
1178,"66['j', 'C', 'J']490",2021,2025,548,30,5
1179,"89['C', 'j', 's']576",2018,2022,588,40,26
1180,"72['O', 'r', 'e']256",2015,2019,395,2,11
1181,"76['e', 'g', 'I']940",2017,2021,40,44,18
1182,"6['i', 'n', 'T']471",2021,2025,548,28,34
1183,"52['G', 'L', 'k']473",2018,2022,582,34,28
1184,"43['u', 'F', 'q']549",2017,2021,176,20,27
1185,"91['Y', 'M', 'C']273",2016,2020,796,42,3
1186,"55['g', 'n', 'E']402",2022,2026,797,50,33
1187,"8['e', 'L', 'Y']383",2018,2022,854,36,25
1188,"76['i', 'x', 'p']864",2020,2024,756,28,34
1189,"64['l', 'P', 'e']556",2021,2025,707,24,28
1190,"4['A', 'F', 'n']983",2020,2024,15,19,35
1191,"1['m', 'e', 'S']704",2020,2024,984,40,36
1192,"36['E', 'b', 'F']487",2016,2020,229,18,17
1193,"25['R', 'b', 'J']110",2022,2026,364,47,32
1194,"53['W', 'V', 'K']690",2016,2020,129,31,19
1195,"15['V', 'Q', 'p']558",2020,2024,429,5,4
1196,"93['M', 'y', 'C']690",2015,2019,615,23,15
1197,"35['K', 'B', 'm']275",2021,2025,466,4,10
1198,"44['l', 'W', 'I']729",2022,2026,191,3,2
1199,"97['b', 'p', 'p']898",2016,2020,350,19,9
1200,"93['W', 'U', 'M']808",2015,2019,962,20,3
1201,"40['j', 'm', 't']804",2017,2021,630,29,21
1202,"0['e', 'o', 'j']994",2021,2025,705,41,32
1203,"76['L', 'Y', 'N']460",2021,2025,935,40,30
1204,"26['E', 'c', 's']178",2016,2020,719,4,39
1205,"43['v', 'B', 'h']94",2021,2025,514,39,4
1206,"27['F', 'Z', 'E']0",2019,2023,443,3,7
1207,"47['r', 'N', 'm']284",2015,2019,202,12,31
1208,"2['y', 'y', 'G']682",2019,2023,301,39,29
1209,"27['e', 'n', 'S']147",2019,2023,87,25,31
1210,"99['Z', 'v', 'S']307",2020,2024,489,10,1
1211,"37['m', 'h', 'v']943",2016,2020,66,40,33
1212,"63['q', 'b', 'k']785",2016,2020,630,13,10
1213,"20['x', 'n', 'B']169",2016,2020,979,10,30
1214,"66['k', 'z', 'g']992",2017,2021,546,23,26
1215,"26['T', 'n', 'r']544",2020,2024,41,49,6
1216,"84['Q', 'K', 'u']61",2016,2020,297,20,23
1217,"78['v', 'f', 'Q']342",2021,2025,566,23,12
1218,"24['f', 'P', 'U']162",2020,2024,176,24,39
1219,"44['y', 'd', 'I']621",2018,2022,611,23,4
1220,"57['Y', 'B', 'b']863",2015,2019,138,14,36
1221,"27['p', 't', 'O']742",2015,2019,946,23,31
1222,"55['j', 'd', 'd']264",2015,2019,159,1,4
1223,"86['Q', 'K', 'a']90",2017,2021,604,21,33
1224,"99['O', 'e', 'w']105",2020,2024,249,9,12
1225,"8['N', 'u', 'z']420",2015,2019,236,49,13
1226,"94['x', 'g', 'm']407",2019,2023,743,5,33
1227,"38['U', 'f', 'b']800",2017,2021,939,23,22
1228,"10['m', 'v', 'O']753",2016,2020,753,40,10
1229,"81['F', 'b', 'Y']833",2019,2023,554,37,11
1230,"26['O', 'N', 'J']324",2019,2023,981,22,22
1231,"17['p', 'U', 'I']674",2015,2019,621,44,37
1232,"39['a', 'J', 't']674",2015,2019,898,1,11
1233,"56['K', 'f', 'a']542",2017,2021,132,29,2
1234,"3['j', 'W', 'K']982",2019,2023,688,32,17
1235,"20['v', 'G', 'I']801",2022,2026,139,49,4
1236,"58['M', 'N', 'L']982",2017,2021,998,38,28
1237,"22['P', 'B', 'M']71",2019,2023,489,41,2
1238,"73['I', 'S', 'z']566",2016,2020,307,38,18
1239,"99['j', 'E', 'm']831",2020,2024,328,33,30
1240,"83['u', 's', 'q']156",2016,2020,11,44,10
1241,"64['q', 'W', 'f']698",2015,2019,534,25,3
1242,"8['u', 's', 'U']641",2021,2025,174,43,6
1243,"23['y', 'g', 'V']762",2021,2025,295,19,40
1244,"80['W', 'L', 'D']119",2017,2021,33,12,39
1245,"13['O', 'r', 'm']784",2018,2022,156,21,15
1246,"15['q', 'a', 'S']414",2018,2022,919,27,11
1247,"73['O', 'R', 'F']744",2016,2020,817,33,35
1248,"77['j', 'y', 'm']31",2018,2022,903,47,30
1249,"96['z', 'd', 'L']776",2021,2025,97,26,15
1250,"15['P', 'd', 'u']906",2015,2019,336,35,1
1251,"87['V', 'j', 'Q']253",2018,2022,479,24,14
1252,"67['t', 'w', 'O']702",2016,2020,219,12,31
1253,"95['T', 'W', 't']638",2020,2024,353,16,2
1254,"11['h', 'M', 'E']348",2019,2023,199,5,22
1255,"24['G', 'i', 's']883",2018,2022,535,42,3
1256,"86['m', 'W', 'z']11",2015,2019,288,15,35
1257,"36['X', 'I', 'H']590",2020,2024,606,22,36
1258,"69['c', 'U', 'O']320",2019,2023,434,38,10
1259,"43['i', 'z', 'i']519",2022,2026,953,41,12
1260,"32['u', 'D', 'V']621",2018,2022,106,48,26
1261,"45['i', 'V', 's']455",2020,2024,55,49,26
1262,"96['O', 'P', 'Y']504",2022,2026,940,1,27
1263,"36['I', 'r', 'J']383",2020,2024,570,45,4
1264,"33['D', 'e', 'o']169",2019,2023,887,35,31
1265,"11['c', 'C', 'h']840",2020,2024,963,21,9
1266,"91['j', 'K', 'V']729",2018,2022,88,20,22
1267,"56['n', 's', 'E']232",2016,2020,472,39,27
1268,"6['v', 's', 'n']745",2016,2020,134,6,35
1269,"62['o', 'B', 'H']811",2022,2026,207,15,23
1270,"77['e', 'M', 'S']690",2021,2025,698,47,5
1271,"56['J', 'l', 'K']163",2022,2026,571,6,28
1272,"39['A', 'U', 'f']567",2018,2022,887,49,5
1273,"60['i', 'P', 'f']46",2015,2019,759,28,29
1274,"52['S', 'c', 'K']882",2015,2019,104,5,33
1275,"29['D', 'r', 'g']990",2017,2021,990,14,13
1276,"97['B', 'p', 'S']468",2015,2019,167,10,30
1277,"68['z', 'W', 'e']647",2017,2021,346,6,28
1278,"74['t', 'R', 'P']797",2015,2019,755,33,40
1279,"51['F', 'Y', 'v']675",2020,2024,269,19,30
1280,"44['t', 'U', 'o']280",2015,2019,530,14,9
1281,"47['N', 'd', 'w']875",2019,2023,74,29,38
1282,"60['h', 'P', 'I']976",2017,2021,707,45,30
1283,"38['k', 'K', 'F']846",2021,2025,13,50,18
1284,"62['N', 'O', 'n']188",2016,2020,407,3,7
1285,"63['e', 'K', 'x']149",2015,2019,398,13,38
1286,"12['p', 'g', 'P']631",2022,2026,951,28,6
1287,"73['u', 'J', 'v']796",2019,2023,48,44,3
1288,"7['K', 's', 'R']983",2019,2023,976,50,2
1289,"43['w', 'r', 'q']427",2018,2022,237,43,18
1290,"89['E', 'b', 'u']123",2022,2026,273,44,23
1291,"58['S', 'r', 'f']434",2015,2019,648,11,21
1292,"10['O', 'P', 'L']219",2015,2019,845,6,37
1293,"95['R', 'y', 'K']794",2020,2024,303,2,28
1294,"16['n', 'V', 'U']511",2022,2026,338,27,26
1295,"14['S', 'c', 'l']253",2020,2024,958,27,27
1296,"47['r', 'o', 'P']926",2021,2025,407,25,3
1297,"35['o', 'h', 'O']415",2021,2025,677,5,22
1298,"45['f', 'X', 'F']555",2019,2023,964,3,17
1299,"44['w', 'P', 'u']994",2018,2022,736,39,34
1300,"82['Y', 'W', 'g']61",2017,2021,329,3,9
1301,"80['I', 'x', 'J']334",2021,2025,733,15,14
1302,"21['Y', 'A', 'c']544",2022,2026,838,49,13
1303,"51['D', 'r', 'B']189",2020,2024,834,42,21
1304,"94['E', 'J', 'x']224",2017,2021,329,48,37
1305,"35['s', 'r', 'U']141",2015,2019,834,27,23
1306,"40['p', 'G', 'J']656",2022,2026,750,5,38
1307,"51['R', 'p', 'c']130",2021,2025,489,19,10
1308,"98['H', 'B', 'q']707",2021,2025,136,33,23
1309,"43['x', 'I', 'X']172",2022,2026,627,33,2
1310,"76['N', 'l', 'X']23",2021,2025,416,44,16
1311,"89['L', 'm', 'W']65",2018,2022,999,36,26
1312,"4['E', 'h', 'e']713",2015,2019,525,41,22
1313,"13['f', 'c', 'I']237",2018,2022,895,41,29
1314,"97['O', 'y', 'R']126",2018,2022,111,40,15
1315,"53['M', 'f', 't']217",2019,2023,412,11,22
1316,"22['O', 'n', 'z']298",2022,2026,65,13,14
1317,"42['J', 'A', 'u']910",2021,2025,453,14,23
1318,"11['J', 'X', 'u']778",2018,2022,267,50,35
1319,"26['c', 'x', 'D']632",2021,2025,295,44,7
1320,"81['F', 'R', 'N']15",2018,2022,223,46,23
1321,"12['P', 't', 'G']866",2021,2025,144,6,31
1322,"84['Z', 'B', 'j']572",2020,2024,828,8,2
1323,"44['P', 'n', 's']901",2020,2024,919,44,36
1324,"30['Z', 'A', 'K']553",2021,2025,19,12,27
1325,"23['c', 'e', 'b']919",2022,2026,456,41,37
1326,"38['s', 'B', 'R']338",2016,2020,668,4,19
1327,"19['W', 'D', 'p']183",2022,2026,851,15,39
1328,"74['Z', 'L', 'N']822",2021,2025,821,7,18
1329,"34['w', 'h', 'L']933",2017,2021,736,42,3
1330,"36['p', 'h', 'y']626",2017,2021,887,15,36
1331,"75['N', 'C', 'a']606",2020,2024,979,1,19
1332,"75['m', 'g', 'p']266",2016,2020,206,12,7
1333,"96['z', 'a', 'o']883",2022,2026,146,7,28
1334,"26['o', 'q', 'k']471",2018,2022,251,34,36
1335,"72['Y', 'V', 'u']805",2020,2024,123,12,5
1336,"16['N', 'T', 'F']292",2022,2026,39,46,17
1337,"49['n', 'j', 'w']902",2015,2019,894,37,24
1338,"4['U', 'H', 'Q']868",2021,2025,463,48,21
1339,"38['T', 's', 'y']152",2017,2021,112,26,30
1340,"62['S', 'i', 'N']754",2021,2025,314,50,32
1341,"46['Y', 'b', 'o']151",2019,2023,239,26,26
1342,"57['x', 'm', 'f']351",2018,2022,490,8,35
1343,"56['G', 'p', 'M']227",2022,2026,192,3,28
1344,"48['w', 'a', 'x']358",2022,2026,990,26,32
1345,"86['L', 'q', 'a']525",2018,2022,861,21,39
1346,"38['M', 'q', 'X']403",2022,2026,27,1,17
1347,"8['K', 'W', 'I']252",2020,2024,85,15,4
1348,"54['y', 'G', 'z']948",2018,2022,853,34,22
1349,"34['j', 'V', 'E']648",2022,2026,324,19,8
1350,"48['A', 'j', 'G']875",2021,2025,23,15,13
1351,"12['y', 'g', 'K']241",2015,2019,895,36,12
1352,"23['x', 'T', 'x']607",2018,2022,78,34,24
1353,"29['p', 'q', 'N']75",2016,2020,811,1,16
1354,"18['u', 'V', 'Y']200",2017,2021,44,50,4
1355,"90['e', 'G', 'g']885",2018,2022,792,31,19
1356,"12['L', 'l', 'Q']434",2020,2024,903,48,28
1357,"53['c', 'W', 'q']124",2021,2025,363,25,17
1358,"2['t', 'Z', 's']113",2015,2019,97,42,12
1359,"80['z', 'U', 'v']130",2015,2019,395,23,38
1360,"7['r', 'S', 'a']253",2018,2022,372,2,23
1361,"68['q', 'j', 'd']443",2017,2021,682,9,31
1362,"68['b', 'j', 't']717",2018,2022,133,16,13
1363,"0['l', 'Q', 'G']279",2022,2026,445,50,13
1364,"82['I', 'A', 'm']44",2021,2025,335,49,16
1365,"93['T', 'S', 'w']881",2021,2025,915,21,19
1366,"67['j', 'P', 'u']787",2019,2023,179,11,30
1367,"70['V', 'f', 'A']491",2022,2026,417,43,36
1368,"78['E', 'd', 'H']976",2017,2021,676,38,8
1369,"10['l', 'm', 'i']406",2022,2026,972,29,5
1370,"88['P', 'n', 'i']918",2016,2020,720,7,3
1371,"94['v', 'R', 'c']706",2017,2021,514,8,33
1372,"66['l', 'k', 'y']711",2021,2025,612,12,40
1373,"38['y', 'I', 'y']805",2017,2021,261,16,31
1374,"42['P', 'e', 'H']243",2016,2020,710,47,30
1375,"94['h', 'o', 'F']325",2017,2021,530,1,36
1376,"99['h', 'K', 'o']486",2016,2020,433,22,39
1377,"27['n', 'R', 'h']316",2017,2021,711,31,11
1378,"86['P', 'V', 'I']762",2015,2019,879,12,28
1379,"93['Y', 'k', 'u']761",2022,2026,943,1,33
1380,"57['l', 'D', 'l']11",2019,2023,912,17,32
1381,"61['I', 'y', 'f']31",2015,2019,252,13,39
1382,"40['B', 'o', 'O']371",2019,2023,232,7,7
1383,"62['n', 'S', 'T']467",2020,2024,713,2,17
1384,"86['n', 'f', 'w']877",2019,2023,965,40,16
1385,"60['S', 'T', 'X']769",2022,2026,284,41,22
1386,"22['M', 'e', 's']854",2018,2022,227,39,6
1387,"6['Y', 'j', 'm']569",2022,2026,822,43,36
1388,"41['C', 'E', 'f']355",2021,2025,41,19,20
1389,"67['K', 't', 'n']766",2017,2021,421,12,34
1390,"14['e', 'g', 'u']265",2021,2025,537,1,7
1391,"1['x', 'C', 'U']705",2019,2023,591,8,26
1392,"81['p', 'L', 'K']517",2020,2024,90,38,7
1393,"61['w', 'G', 'N']687",2017,2021,897,26,27
1394,"38['E', 'h', 'A']28",2021,2025,247,20,20
1395,"82['W', 'k', 't']291",2019,2023,617,30,28
1396,"18['F', 'c', 'w']255",2021,2025,529,37,26
1397,"64['x', 'x', 'y']935",2022,2026,206,41,4
1398,"39['F', 'x', 'X']845",2016,2020,91,47,8
1399,"18['S', 'm', 'I']290",2020,2024,832,35,11
1400,"59['d', 'V', 'K']273",2020,2024,445,9,36
1401,"15['M', 'j', 'i']978",2022,2026,427,23,34
1402,"21['B', 'Z', 'n']992",2016,2020,372,37,15
1403,"7['P', 's', 'w']40",2017,2021,898,33,8
1404,"4['k', 'p', 'f']69",2019,2023,656,1,6
1405,"61['u', 'S', 'X']530",2016,2020,868,33,4
1406,"56['V', 'v', 'p']755",2019,2023,334,3,27
1407,"13['Q', 'O', 's']638",2019,2023,586,31,17
1408,"94['C', 'o', 'z']653",2019,2023,299,46,31
1409,"71['T', 'x', 'p']657",2020,2024,792,45,39
1410,"42['d', 'j', 'x']94",2018,2022,828,16,10
1411,"5['g', 'M', 'y']323",2018,2022,993,11,32
1412,"2['t', 'N', 'C']917",2022,2026,32,14,28
1413,"84['n', 'P', 'O']309",2018,2022,150,19,2
1414,"38['Y', 'u', 'M']719",2018,2022,65,7,36
1415,"17['H', 'M', 'f']489",2019,2023,650,30,20
1416,"39['z', 'u', 'V']934",2018,2022,407,24,27
1417,"47['B', 'r', 'h']262",2018,2022,282,24,6
1418,"95['b', 'l', 'I']249",2022,2026,310,36,13
1419,"50['L', 'M', 'B']804",2017,2021,140,18,15
1420,"67['p', 'Y', 'F']564",2020,2024,942,38,28
1421,"65['a', 'E', 'n']137",2018,2022,893,9,15
1422,"46['Y', 'B', 'w']4",2022,2026,764,2,12
1423,"85['N', 'Q', 'g']528",2021,2025,614,45,27
1424,"9['N', 'z', 'T']434",2016,2020,554,25,34
1425,"94['f', 'J', 'i']247",2018,2022,311,25,33
1426,"46['M', 'i', 'x']731",2015,2019,573,47,6
1427,"61['t', 'M', 'c']219",2019,2023,403,22,17
1428,"87['L', 'T', 'q']193",2019,2023,201,26,26
1429,"83['x', 'y', 'I']99",2016,2020,977,32,12
1430,"33['Y', 'g', 'Z']782",2017,2021,448,44,25
1431,"50['Y', 'T', 'U']391",2019,2023,911,27,38
1432,"55['o', 't', 'y']23",2022,2026,463,8,18
1433,"52['G', 'Q', 'F']695",2020,2024,941,38,10
1434,"7['N', 'P', 'I']878",2019,2023,574,14,32
1435,"65['O', 'M', 'N']402",2016,2020,835,49,31
1436,"40['C', 's', 'f']336",2020,2024,872,23,10
1437,"18['Z', 'x', 'L']943",2018,2022,599,47,9
1438,"82['o', 'q', 'B']79",2016,2020,952,48,37
1439,"67['u', 'y', 's']76",2015,2019,29,33,15
1440,"7['x', 'v', 'L']388",2019,2023,464,25,37
1441,"7['p', 'r', 'g']862",2019,2023,95,8,20
1442,"29['S', 'x', 'j']332",2018,2022,176,38,6
1443,"63['J', 'J', 'W']862",2022,2026,417,39,19
1444,"17['y', 'Y', 'b']633",2020,2024,988,38,5
1445,"53['v', 'R', 'p']628",2017,2021,899,2,31
1446,"69['F', 'F', 'W']294",2019,2023,524,12,1
1447,"23['N', 'r', 'W']398",2022,2026,347,46,20
1448,"48['d', 'O', 'a']362",2015,2019,300,35,5
1449,"11['l', 'A', 'T']995",2015,2019,961,34,19
1450,"66['m', 'f', 'T']435",2016,2020,755,34,30
1451,"99['N', 'x', 'U']282",2017,2021,621,36,39
1452,"84['m', 'T', 'p']240",2018,2022,895,10,28
1453,"17['m', 'E', 'j']320",2018,2022,318,31,11
1454,"29['i', 'I', 'z']338",2022,2026,559,48,33
1455,"4['x', 'k', 'C']123",2016,2020,497,2,14
1456,"56['t', 'i', 'I']475",2020,2024,654,21,8
1457,"61['a', 'w', 'R']800",2020,2024,974,49,1
1458,"13['f', 'g', 'k']924",2019,2023,850,34,23
1459,"25['S', 'A', 'F']190",2021,2025,587,27,5
1460,"56['u', 'J', 'L']447",2019,2023,632,25,21
1461,"1['Y', 'u', 'a']812",2017,2021,707,14,3
1462,"58['w', 'F', 'k']608",2020,2024,212,32,32
1463,"97['T', 'J', 'W']883",2020,2024,971,42,29
1464,"64['v', 'L', 'j']508",2015,2019,224,36,6
1465,"74['S', 'X', 'A']546",2019,2023,489,29,25
1466,"58['q', 'l', 't']805",2017,2021,154,8,12
1467,"11['T', 'N', 'K']878",2015,2019,635,28,23
1468,"92['t', 'X', 'G']220",2017,2021,577,29,39
1469,"86['d', 'v', 'd']467",2018,2022,922,46,14
1470,"50['K', 'd', 'H']141",2021,2025,708,29,14
1471,"65['r', 'v', 'X']261",2016,2020,671,8,3
1472,"59['X', 'V', 'D']321",2022,2026,111,48,22
1473,"54['D', 'N', 'L']989",2019,2023,666,7,5
1474,"29['j', 'c', 'U']766",2019,2023,277,14,8
1475,"77['Y', 'X', 'm']36",2021,2025,547,3,26
1476,"58['v', 'h', 'r']798",2015,2019,846,26,15
1477,"59['W', 'Q', 't']588",2017,2021,26,49,13
1478,"63['K', 'L', 'j']73",2017,2021,690,5,33
1479,"88['J', 's', 'X']674",2022,2026,41,32,4
1480,"76['v', 'C', 'm']780",2022,2026,110,42,10
1481,"2['N', 'y', 'R']204",2020,2024,945,23,14
1482,"53['z', 'J', 'n']543",2021,2025,498,45,14
1483,"35['D', 'S', 'V']64",2019,2023,856,40,29
1484,"10['w', 'o', 'S']964",2016,2020,775,7,6
1485,"3['V', 'X', 'A']4",2018,2022,229,43,17
1486,"44['w', 'A', 't']294",2021,2025,866,43,2
1487,"93['Q', 'k', 'j']759",2021,2025,918,17,29
1488,"92['G', 'R', 'N']939",2020,2024,97,50,34
1489,"89['Y', 'n', 'F']462",2021,2025,343,46,16
1490,"14['H', 'c', 'h']430",2017,2021,289,49,32
1491,"11['U', 'N', 'B']618",2016,2020,422,40,28
1492,"31['s', 'n', 'y']521",2018,2022,534,13,31
1493,"36['H', 'I', 'V']594",2021,2025,980,34,36
1494,"57['B', 'I', 'r']67",2021,2025,466,20,32
1495,"15['K', 'v', 'a']663",2020,2024,732,24,38
1496,"10['S', 'k', 'j']154",2017,2021,301,26,8
1497,"77['f', 'v', 'Q']169",2021,2025,229,11,15
1498,"84['V', 'F', 's']130",2021,2025,506,40,14
1499,"51['b', 'N', 'i']283",2020,2024,23,46,18
1500,"2['I', 'j', 'o']674",2016,2020,508,46,30
